level	page_num	block_num	par_num	line_num	word_num	left	top	width	height	conf	text
1	1	0	0	0	0	0	0	6803	4104	-1	
2	1	1	0	0	0	1385	68	18	12	-1	
3	1	1	1	0	0	1385	68	18	12	-1	
4	1	1	1	1	0	1385	68	18	12	-1	
5	1	1	1	1	1	1385	68	18	12	31.786934	<A
2	1	2	0	0	0	1424	68	66	15	-1	
3	1	2	1	0	0	1424	68	66	15	-1	
4	1	2	1	1	0	1424	68	66	15	-1	
5	1	2	1	1	1	1424	68	66	15	38.147411	CIS
2	1	3	0	0	0	1709	80	29	7	-1	
3	1	3	1	0	0	1709	80	29	7	-1	
4	1	3	1	1	0	1709	80	29	7	-1	
5	1	3	1	1	1	1709	80	29	7	31.472137	Soe
2	1	4	0	0	0	4003	68	23	15	-1	
3	1	4	1	0	0	4003	68	23	15	-1	
4	1	4	1	1	0	4003	68	23	15	-1	
5	1	4	1	1	1	4003	68	23	15	24.185875	ye,
2	1	5	0	0	0	1295	88	46	24	-1	
3	1	5	1	0	0	1295	88	46	24	-1	
4	1	5	1	1	0	1295	88	46	24	-1	
5	1	5	1	1	1	1295	88	46	24	40.530838	Sete
2	1	6	0	0	0	1430	100	32	19	-1	
3	1	6	1	0	0	1430	100	32	19	-1	
4	1	6	1	1	0	1430	100	32	19	-1	
5	1	6	1	1	1	1430	100	32	19	0.000000	SS
2	1	7	0	0	0	1518	106	18	12	-1	
3	1	7	1	0	0	1518	106	18	12	-1	
4	1	7	1	1	0	1518	106	18	12	-1	
5	1	7	1	1	1	1518	106	18	12	13.939590	sat
2	1	8	0	0	0	1566	111	17	7	-1	
3	1	8	1	0	0	1566	111	17	7	-1	
4	1	8	1	1	0	1566	111	17	7	-1	
5	1	8	1	1	1	1566	111	17	7	34.878654	Be
2	1	9	0	0	0	5335	96	25	15	-1	
3	1	9	1	0	0	5335	96	25	15	-1	
4	1	9	1	1	0	5335	96	25	15	-1	
5	1	9	1	1	1	5335	96	25	15	17.673027	Se
2	1	10	0	0	0	6160	116	24	4	-1	
3	1	10	1	0	0	6160	116	24	4	-1	
4	1	10	1	1	0	6160	116	24	4	-1	
5	1	10	1	1	1	6160	116	24	4	61.804684	=
2	1	11	0	0	0	6190	111	90	2	-1	
3	1	11	1	0	0	6190	111	90	2	-1	
4	1	11	1	1	0	6190	111	90	2	-1	
5	1	11	1	1	1	6190	111	90	2	41.177830	ee
2	1	12	0	0	0	181	100	132	39	-1	
3	1	12	1	0	0	181	100	132	39	-1	
4	1	12	1	1	0	181	100	132	39	-1	
5	1	12	1	1	1	181	100	132	39	96.305397	PRESTIGE
2	1	13	0	0	0	1447	133	22	14	-1	
3	1	13	1	0	0	1447	133	22	14	-1	
4	1	13	1	1	0	1447	133	22	14	-1	
5	1	13	1	1	1	1447	133	22	14	57.698860	hy
2	1	14	0	0	0	5335	107	39	23	-1	
3	1	14	1	0	0	5335	107	39	23	-1	
4	1	14	1	1	0	5335	107	39	23	-1	
5	1	14	1	1	1	5331	103	17	33	0.000000	it
5	1	14	1	1	2	5355	103	23	33	29.222900	das
2	1	15	0	0	0	5720	112	1	20	-1	
3	1	15	1	0	0	5720	112	1	20	-1	
4	1	15	1	1	0	5720	112	1	20	-1	
5	1	15	1	1	1	5720	112	1	20	0.000000	\
2	1	16	0	0	0	6309	106	379	42	-1	
3	1	16	1	0	0	6309	106	379	42	-1	
4	1	16	1	1	0	6309	106	379	42	-1	
5	1	16	1	1	1	6309	106	67	42	33.924271	‘sain
5	1	16	1	1	2	6454	107	29	42	21.412460	sia
5	1	16	1	1	3	6520	111	168	25	0.000000	emetic,
2	1	17	0	0	0	375	142	16	7	-1	
3	1	17	1	0	0	375	142	16	7	-1	
4	1	17	1	1	0	375	142	16	7	-1	
5	1	17	1	1	1	375	142	16	7	0.000000	P.
2	1	18	0	0	0	482	152	12	8	-1	
3	1	18	1	0	0	482	152	12	8	-1	
4	1	18	1	1	0	482	152	12	8	-1	
5	1	18	1	1	1	482	152	12	8	18.723076	a
2	1	19	0	0	0	531	126	55	35	-1	
3	1	19	1	0	0	531	126	55	35	-1	
4	1	19	1	1	0	531	126	55	35	-1	
5	1	19	1	1	1	531	141	9	9	0.000000	2
5	1	19	1	1	2	548	126	38	35	0.000000	PR
2	1	20	0	0	0	993	140	121	15	-1	
3	1	20	1	0	0	993	140	121	15	-1	
4	1	20	1	1	0	993	140	121	15	-1	
5	1	20	1	1	1	993	140	53	15	33.022934	NR
5	1	20	1	1	2	1075	141	39	14	34.779755	Rm
2	1	21	0	0	0	2403	144	6	6	-1	
3	1	21	1	0	0	2403	144	6	6	-1	
4	1	21	1	1	0	2403	144	6	6	-1	
5	1	21	1	1	1	2403	144	6	6	0.000000	z
2	1	22	0	0	0	2436	145	10	6	-1	
3	1	22	1	0	0	2436	145	10	6	-1	
4	1	22	1	1	0	2436	145	10	6	-1	
5	1	22	1	1	1	2436	145	10	6	42.195530	-
2	1	23	0	0	0	3795	148	60	21	-1	
3	1	23	1	0	0	3795	148	60	21	-1	
4	1	23	1	1	0	3795	148	60	21	-1	
5	1	23	1	1	1	3795	148	60	21	0.000000	XOND
2	1	24	0	0	0	4009	140	34	15	-1	
3	1	24	1	0	0	4009	140	34	15	-1	
4	1	24	1	1	0	4009	140	34	15	-1	
5	1	24	1	1	1	4009	140	34	15	0.000000	CP
2	1	25	0	0	0	5730	145	11	7	-1	
3	1	25	1	0	0	5719	136	22	35	-1	
4	1	25	1	1	0	5730	145	11	7	-1	
5	1	25	1	1	1	5730	145	11	7	41.208908	=
2	1	26	0	0	0	928	158	197	24	-1	
3	1	26	1	0	0	928	158	197	24	-1	
4	1	26	1	1	0	928	158	197	24	-1	
5	1	26	1	1	1	928	158	197	24	88.997917	NORTHWESTE
2	1	27	0	0	0	1250	170	14	13	-1	
3	1	27	1	0	0	1250	170	14	13	-1	
4	1	27	1	1	0	1250	170	14	13	-1	
5	1	27	1	1	1	1250	170	14	13	37.984425	Me
2	1	28	0	0	0	5636	166	20	8	-1	
3	1	28	1	0	0	5636	166	20	8	-1	
4	1	28	1	1	0	5636	166	20	8	-1	
5	1	28	1	1	1	5636	166	20	8	50.248924	Ze
2	1	29	0	0	0	6312	156	240	25	-1	
3	1	29	1	0	0	6312	156	240	25	-1	
4	1	29	1	1	0	6312	156	240	25	-1	
5	1	29	1	1	1	6312	157	198	24	93.276733	NORTHERN
5	1	29	1	1	2	6525	156	27	25	93.100319	&
2	1	30	0	0	0	448	185	160	25	-1	
3	1	30	1	0	0	448	185	160	25	-1	
4	1	30	1	1	0	448	185	160	25	-1	
5	1	30	1	1	1	448	185	160	25	95.858315	AMERICA
2	1	31	0	0	0	3528	198	46	13	-1	
3	1	31	1	0	0	3528	198	46	13	-1	
4	1	31	1	1	0	3528	198	46	13	-1	
5	1	31	1	1	1	3528	198	46	13	65.262505	DAY
2	1	32	0	0	0	6000	187	7	11	-1	
3	1	32	1	0	0	6000	187	7	11	-1	
4	1	32	1	1	0	6000	187	7	11	-1	
5	1	32	1	1	1	6000	187	7	11	64.138687	iy
2	1	33	0	0	0	6306	189	252	25	-1	
3	1	33	1	0	0	6306	189	252	25	-1	
4	1	33	1	1	0	6306	189	252	25	-1	
5	1	33	1	1	1	6306	189	161	25	95.898979	CENTRAL
5	1	33	1	1	2	6479	189	79	25	95.458893	ASIA
2	1	34	0	0	0	852	213	13	11	-1	
3	1	34	1	0	0	852	213	13	11	-1	
4	1	34	1	1	0	852	213	13	11	-1	
5	1	34	1	1	1	852	213	13	11	57.392727	af
2	1	35	0	0	0	992	192	96	28	-1	
3	1	35	1	0	0	992	192	96	28	-1	
4	1	35	1	1	0	992	192	96	28	-1	
5	1	35	1	1	1	992	192	96	28	44.674778	\TLANT
2	1	36	0	0	0	3496	220	45	9	-1	
3	1	36	1	0	0	3496	220	45	9	-1	
4	1	36	1	1	0	3496	220	45	9	-1	
5	1	36	1	1	1	3496	220	45	9	33.923866	oD
2	1	37	0	0	0	3564	214	34	11	-1	
3	1	37	1	0	0	3564	214	34	11	-1	
4	1	37	1	1	0	3564	214	34	11	-1	
5	1	37	1	1	1	3564	214	34	11	0.000000	Ne
2	1	38	0	0	0	4933	203	201	25	-1	
3	1	38	1	0	0	4933	203	201	25	-1	
4	1	38	1	1	0	4933	203	201	25	-1	
5	1	38	1	1	1	4933	203	201	25	87.023880	OSTROBOTHNIA
2	1	39	0	0	0	137	192	83	67	-1	
3	1	39	1	0	0	137	192	83	67	-1	
4	1	39	1	1	0	137	192	83	67	-1	
5	1	39	1	1	1	137	192	83	67	57.373428	Gy
2	1	40	0	0	0	271	192	83	67	-1	
3	1	40	1	0	0	271	192	83	67	-1	
4	1	40	1	1	0	271	192	83	67	-1	
5	1	40	1	1	1	271	192	83	67	17.023483	wy
2	1	41	0	0	0	2661	168	324	85	-1	
3	1	41	1	0	0	2661	168	324	85	-1	
4	1	41	1	1	0	2661	168	324	85	-1	
5	1	41	1	1	1	2661	168	229	68	96.334976	NORWEGIAN
5	1	41	1	1	2	2905	191	80	62	63.037910	SEA
2	1	42	0	0	0	3743	240	23	10	-1	
3	1	42	1	0	0	3743	240	23	10	-1	
4	1	42	1	1	0	3743	240	23	10	-1	
5	1	42	1	1	1	3743	240	23	10	34.781326	ss
2	1	43	0	0	0	3840	249	25	4	-1	
3	1	43	1	0	0	3840	249	25	4	-1	
4	1	43	1	1	0	3840	249	25	4	-1	
5	1	43	1	1	1	3840	249	25	4	48.906677	oS
2	1	44	0	0	0	4209	230	143	22	-1	
3	1	44	1	0	0	4209	230	143	22	-1	
4	1	44	1	1	0	4209	230	143	22	-1	
5	1	44	1	1	1	4209	230	143	22	83.751953	NORRIAND
2	1	45	0	0	0	5351	235	11	10	-1	
3	1	45	1	0	0	5351	235	11	10	-1	
4	1	45	1	1	0	5351	235	11	10	-1	
5	1	45	1	1	1	5351	235	11	10	17.691689	a
2	1	46	0	0	0	5353	242	23	14	-1	
3	1	46	1	0	0	5353	242	23	14	-1	
4	1	46	1	1	0	5353	242	23	14	-1	
5	1	46	1	1	1	5353	242	23	14	27.360153	5
2	1	47	0	0	0	5426	222	33	22	-1	
3	1	47	1	0	0	5426	222	33	22	-1	
4	1	47	1	1	0	5426	222	33	22	-1	
5	1	47	1	1	1	5426	222	33	22	24.413033	ex
2	1	48	0	0	0	562	234	41	38	-1	
3	1	48	1	0	0	562	234	41	38	-1	
4	1	48	1	1	0	562	234	41	38	-1	
5	1	48	1	1	1	562	234	41	38	32.132263	ish
2	1	49	0	0	0	625	255	49	20	-1	
3	1	49	1	0	0	625	255	49	20	-1	
4	1	49	1	1	0	625	255	49	20	-1	
5	1	49	1	1	1	625	255	49	20	0.000000	udso:
2	1	50	0	0	0	1252	264	42	14	-1	
3	1	50	1	0	0	1252	264	42	14	-1	
4	1	50	1	1	0	1252	264	42	14	-1	
5	1	50	1	1	1	1252	264	42	14	27.544006	ity
2	1	51	0	0	0	1692	161	86	116	-1	
3	1	51	1	0	0	1692	161	86	116	-1	
4	1	51	1	1	0	1692	161	86	116	-1	
5	1	51	1	1	1	1692	161	86	116	0.000000	&
2	1	52	0	0	0	3620	221	79	56	-1	
3	1	52	1	0	0	3620	221	79	56	-1	
4	1	52	1	1	0	3620	221	79	56	-1	
5	1	52	1	1	1	3620	221	79	56	14.830276	oy
2	1	53	0	0	0	3757	266	51	15	-1	
3	1	53	1	0	0	3757	266	51	15	-1	
4	1	53	1	1	0	3757	266	51	15	-1	
5	1	53	1	1	1	3757	266	51	15	0.000000	vv
2	1	54	0	0	0	5581	242	133	26	-1	
3	1	54	1	0	0	5581	242	133	26	-1	
4	1	54	1	1	0	5581	242	133	26	-1	
5	1	54	1	1	1	5581	242	133	26	65.218475	Arkhangelsk
2	1	55	0	0	0	5843	258	36	19	-1	
3	1	55	1	0	0	5843	258	36	19	-1	
4	1	55	1	1	0	5843	258	36	19	-1	
5	1	55	1	1	1	5843	258	36	19	0.000000	Ur:
2	1	56	0	0	0	6057	256	52	18	-1	
3	1	56	1	0	0	6057	256	52	18	-1	
4	1	56	1	1	0	6057	256	52	18	-1	
5	1	56	1	1	1	6057	256	52	18	60.058331	‘West
2	1	57	0	0	0	1467	289	11	9	-1	
3	1	57	1	0	0	1467	289	11	9	-1	
4	1	57	1	1	0	1467	289	11	9	-1	
5	1	57	1	1	1	1467	289	11	9	21.297348	4,
2	1	58	0	0	0	3390	293	38	9	-1	
3	1	58	1	0	0	3390	293	38	9	-1	
4	1	58	1	1	0	3390	293	38	9	-1	
5	1	58	1	1	1	3390	293	38	9	11.556313	Se
2	1	59	0	0	0	4606	249	71	38	-1	
3	1	59	1	0	0	4606	249	71	38	-1	
4	1	59	1	1	0	4606	249	71	38	-1	
5	1	59	1	1	1	4606	249	42	38	0.781784	OF
2	1	60	0	0	0	6048	281	72	19	-1	
3	1	60	1	0	0	6048	281	72	19	-1	
4	1	60	1	1	0	6048	281	72	19	-1	
5	1	60	1	1	1	6048	281	72	19	81.262619	Siberia’
2	1	61	0	0	0	6382	296	13	8	-1	
3	1	61	1	0	0	6382	296	13	8	-1	
4	1	61	1	1	0	6382	296	13	8	-1	
5	1	61	1	1	1	6382	296	13	8	37.560863	1
2	1	62	0	0	0	480	318	16	9	-1	
3	1	62	1	0	0	480	318	16	9	-1	
4	1	62	1	1	0	480	318	16	9	-1	
5	1	62	1	1	1	480	318	16	9	12.171669	Ye
2	1	63	0	0	0	679	233	74	85	-1	
3	1	63	1	0	0	679	233	75	85	-1	
4	1	63	1	1	0	679	233	74	85	-1	
5	1	63	1	1	1	679	233	74	85	43.367020	ry
2	1	64	0	0	0	2781	323	17	9	-1	
3	1	64	1	0	0	2781	323	17	9	-1	
4	1	64	1	1	0	2781	323	17	9	-1	
5	1	64	1	1	1	2781	323	17	9	20.257050	&
2	1	65	0	0	0	2786	310	12	14	-1	
3	1	65	1	0	0	2786	310	12	14	-1	
4	1	65	1	1	0	2786	310	12	14	-1	
5	1	65	1	1	1	2786	310	12	14	72.931465	a
2	1	66	0	0	0	3306	304	31	7	-1	
3	1	66	1	0	0	3306	304	31	7	-1	
4	1	66	1	1	0	3306	304	31	7	-1	
5	1	66	1	1	1	3306	304	31	7	52.548374	=
2	1	67	0	0	0	3344	308	58	16	-1	
3	1	67	1	0	0	3344	308	58	16	-1	
4	1	67	1	1	0	3344	308	58	16	-1	
5	1	67	1	1	1	3344	308	58	16	11.654213	ae
2	1	68	0	0	0	3582	273	156	38	-1	
3	1	68	1	0	0	3582	273	156	38	-1	
4	1	68	1	1	0	3582	273	156	38	-1	
5	1	68	1	1	1	3582	298	10	13	10.723755	y
5	1	68	1	1	2	3616	273	91	37	15.845963	Trondhé
5	1	68	1	1	3	3716	285	22	25	19.890976	im.
2	1	69	0	0	0	3784	299	58	29	-1	
3	1	69	1	0	0	3784	299	58	29	-1	
4	1	69	1	1	0	3784	299	58	29	-1	
5	1	69	1	1	1	3784	305	9	9	34.766891	A
5	1	69	1	1	2	3815	299	27	29	29.848946	le)
2	1	70	0	0	0	4558	280	35	37	-1	
3	1	70	1	0	0	4558	280	35	37	-1	
4	1	70	1	1	0	4558	280	35	37	-1	
5	1	70	1	1	1	4558	280	35	37	37.307316	Os
2	1	71	0	0	0	4613	282	65	45	-1	
3	1	71	1	0	0	4613	282	65	45	-1	
4	1	71	1	1	0	4613	282	65	45	-1	
5	1	71	1	1	1	4613	282	65	45	29.702415	we
2	1	72	0	0	0	4763	281	115	31	-1	
3	1	72	1	0	0	4763	281	115	31	-1	
4	1	72	1	1	0	4763	281	115	31	-1	
5	1	72	1	1	1	4763	281	115	31	0.000000	Ssterborten
2	1	73	0	0	0	5404	311	71	18	-1	
3	1	73	1	0	0	5404	311	71	18	-1	
4	1	73	1	1	0	5404	311	71	18	-1	
5	1	73	1	1	1	5404	311	71	18	90.325554	OMOR
2	1	74	0	0	0	5540	305	24	12	-1	
3	1	74	1	0	0	5540	305	24	12	-1	
4	1	74	1	1	0	5540	305	24	12	-1	
5	1	74	1	1	1	5540	305	24	12	16.827309	mS
2	1	75	0	0	0	6041	310	12	14	-1	
3	1	75	1	0	0	6041	310	12	14	-1	
4	1	75	1	1	0	6041	310	12	14	-1	
5	1	75	1	1	1	6041	310	12	14	56.095070	fe
2	1	76	0	0	0	6640	238	48	85	-1	
3	1	76	1	0	0	6640	238	48	85	-1	
4	1	76	1	1	0	6640	238	48	85	-1	
5	1	76	1	1	1	6640	238	48	85	25.330582	a)
2	1	77	0	0	0	445	326	29	10	-1	
3	1	77	1	0	0	445	326	29	10	-1	
4	1	77	1	1	0	445	326	29	10	-1	
5	1	77	1	1	1	445	326	29	10	20.033127	apr
2	1	78	0	0	0	1067	321	18	14	-1	
3	1	78	1	0	0	1067	321	18	14	-1	
4	1	78	1	1	0	1067	321	18	14	-1	
5	1	78	1	1	1	1067	321	18	14	19.952240	aig
2	1	79	0	0	0	2662	313	19	25	-1	
3	1	79	1	0	0	2662	313	19	25	-1	
4	1	79	1	1	0	2662	313	19	25	-1	
5	1	79	1	1	1	2662	313	19	25	80.410004	4
2	1	80	0	0	0	3339	334	13	15	-1	
3	1	80	1	0	0	3339	334	13	15	-1	
4	1	80	1	1	0	3339	334	13	15	-1	
5	1	80	1	1	1	3339	334	13	15	74.500458	x
2	1	81	0	0	0	3354	335	32	11	-1	
3	1	81	1	0	0	3354	335	32	11	-1	
4	1	81	1	1	0	3354	335	32	11	-1	
5	1	81	1	1	1	3354	335	32	11	39.847504	eg
2	1	82	0	0	0	4509	302	52	46	-1	
3	1	82	1	0	0	4509	302	52	46	-1	
4	1	82	1	1	0	4509	302	52	46	-1	
5	1	82	1	1	1	4509	302	52	46	37.989738	eS
2	1	83	0	0	0	4565	312	51	40	-1	
3	1	83	1	0	0	4565	312	51	40	-1	
4	1	83	1	1	0	4565	312	51	40	-1	
5	1	83	1	1	1	4565	312	51	40	72.771141	aw
2	1	84	0	0	0	5835	303	102	52	-1	
3	1	84	1	0	0	5835	303	102	52	-1	
4	1	84	1	1	0	5835	303	102	52	-1	
5	1	84	1	1	1	5835	303	102	52	24.961411	ee.
2	1	85	0	0	0	6012	323	52	13	-1	
3	1	85	1	0	0	6012	323	52	13	-1	
4	1	85	1	1	0	6012	323	52	13	-1	
5	1	85	1	1	1	6012	323	52	13	19.248901	es
2	1	86	0	0	0	6570	342	11	8	-1	
3	1	86	1	0	0	6570	342	11	8	-1	
4	1	86	1	1	0	6570	342	11	8	-1	
5	1	86	1	1	1	6570	342	11	8	46.950485	ig
2	1	87	0	0	0	482	336	26	34	-1	
3	1	87	1	0	0	482	336	26	34	-1	
4	1	87	1	1	0	482	336	26	34	-1	
5	1	87	1	1	1	482	336	26	34	57.498631	2
2	1	88	0	0	0	725	295	112	67	-1	
3	1	88	1	0	0	725	295	112	67	-1	
4	1	88	1	1	0	725	295	112	67	-1	
5	1	88	1	1	1	725	295	112	67	45.719547	ee
2	1	89	0	0	0	1261	338	25	21	-1	
3	1	89	1	0	0	1261	338	25	21	-1	
4	1	89	1	1	0	1261	338	25	21	-1	
5	1	89	1	1	1	1261	338	25	21	30.708183	3
2	1	90	0	0	0	2778	332	18	26	-1	
3	1	90	1	0	0	2778	332	18	26	-1	
4	1	90	1	1	0	2778	332	18	26	-1	
5	1	90	1	1	1	2778	332	18	26	32.185074	a
2	1	91	0	0	0	3494	354	19	17	-1	
3	1	91	1	0	0	3494	354	19	17	-1	
4	1	91	1	1	0	3494	354	19	17	-1	
5	1	91	1	1	1	3494	354	19	17	18.568329	Wp,
2	1	92	0	0	0	4052	339	65	19	-1	
3	1	92	1	0	0	4052	339	65	19	-1	
4	1	92	1	1	0	4052	339	65	19	-1	
5	1	92	1	1	1	4052	339	65	19	23.366379	<a
2	1	93	0	0	0	6517	330	29	35	-1	
3	1	93	1	0	0	6517	330	29	35	-1	
4	1	93	1	1	0	6517	330	29	35	-1	
5	1	93	1	1	1	6517	330	29	35	75.180016	LY
2	1	94	0	0	0	6650	320	22	54	-1	
3	1	94	1	0	0	6650	320	22	54	-1	
4	1	94	1	1	0	6650	320	22	54	-1	
5	1	94	1	1	1	6650	320	22	54	0.000000	y
2	1	95	0	0	0	270	309	84	78	-1	
3	1	95	1	0	0	270	309	84	78	-1	
4	1	95	1	1	0	270	309	84	78	-1	
5	1	95	1	1	1	270	309	84	78	67.187904	(59)
2	1	96	0	0	0	1365	387	20	13	-1	
3	1	96	1	0	0	1365	387	20	13	-1	
4	1	96	1	1	0	1365	387	20	13	-1	
5	1	96	1	1	1	1365	387	20	13	36.108406	att
2	1	97	0	0	0	2643	374	66	14	-1	
3	1	97	1	0	0	2643	374	66	14	-1	
4	1	97	1	1	0	2643	374	66	14	-1	
5	1	97	1	1	1	2643	374	26	13	23.511948	SE
5	1	97	1	1	2	2682	382	27	6	15.317856	ia,
2	1	98	0	0	0	2747	352	45	36	-1	
3	1	98	1	0	0	2747	352	45	36	-1	
4	1	98	1	1	0	2747	352	45	36	-1	
5	1	98	1	1	1	2747	352	45	36	17.789413	Vee
2	1	99	0	0	0	2800	381	37	7	-1	
3	1	99	1	0	0	2800	381	37	7	-1	
4	1	99	1	1	0	2800	381	37	7	-1	
5	1	99	1	1	1	2800	381	37	7	41.070595	sig
2	1	100	0	0	0	4516	340	58	49	-1	
3	1	100	1	0	0	4516	340	58	49	-1	
4	1	100	1	1	0	4516	340	58	49	-1	
5	1	100	1	1	1	4516	340	58	49	14.456757	exe)
2	1	101	0	0	0	5759	323	64	71	-1	
3	1	101	1	0	0	5759	323	64	71	-1	
4	1	101	1	1	0	5759	323	64	71	-1	
5	1	101	1	1	1	5759	323	64	71	73.249832	©
2	1	102	0	0	0	6195	378	15	7	-1	
3	1	102	1	0	0	6195	378	15	7	-1	
4	1	102	1	1	0	6195	378	15	7	-1	
5	1	102	1	1	1	6195	378	15	7	53.375061	wt
2	1	103	0	0	0	6465	378	77	19	-1	
3	1	103	1	0	0	6465	378	77	19	-1	
4	1	103	1	1	0	6465	378	77	19	-1	
5	1	103	1	1	1	6465	378	77	19	92.107353	Okhots!
2	1	104	0	0	0	539	391	37	18	-1	
3	1	104	1	0	0	539	391	37	18	-1	
4	1	104	1	1	0	539	391	37	18	-1	
5	1	104	1	1	1	539	391	37	18	91.678177	Gre:
2	1	105	0	0	0	577	395	19	14	-1	
3	1	105	1	0	0	577	395	19	14	-1	
4	1	105	1	1	0	577	395	19	14	-1	
5	1	105	1	1	1	577	395	19	14	77.208755	at
2	1	106	0	0	0	659	384	57	18	-1	
3	1	106	1	0	0	659	384	57	18	-1	
4	1	106	1	1	0	659	384	57	18	-1	
5	1	106	1	1	1	659	384	57	18	96.992111	Great
2	1	107	0	0	0	2520	396	14	8	-1	
3	1	107	1	0	0	2520	396	14	8	-1	
4	1	107	1	1	0	2520	396	14	8	-1	
5	1	107	1	1	1	2520	396	14	8	18.515320	=
2	1	108	0	0	0	3302	394	13	9	-1	
3	1	108	1	0	0	3302	394	13	9	-1	
4	1	108	1	1	0	3302	394	13	9	-1	
5	1	108	1	1	1	3302	394	13	9	42.608215	*
2	1	109	0	0	0	4230	357	76	56	-1	
3	1	109	1	0	0	4230	357	76	56	-1	
4	1	109	1	1	0	4230	357	76	56	-1	
5	1	109	1	1	1	4230	357	76	56	57.231213	Te
2	1	110	0	0	0	5938	395	71	18	-1	
3	1	110	1	0	0	5938	395	71	18	-1	
4	1	110	1	1	0	5938	395	71	18	-1	
5	1	110	1	1	1	5938	395	71	18	22.508934	‘yumen
2	1	111	0	0	0	6235	397	9	12	-1	
3	1	111	1	0	0	6235	397	9	12	-1	
4	1	111	1	1	0	6235	397	9	12	-1	
5	1	111	1	1	1	6235	397	9	12	69.690079	ty
2	1	112	0	0	0	6274	384	72	20	-1	
3	1	112	1	0	0	6274	384	72	20	-1	
4	1	112	1	1	0	6274	384	72	20	-1	
5	1	112	1	1	1	6274	384	72	20	95.193283	Siberia
2	1	113	0	0	0	536	416	63	19	-1	
3	1	113	1	0	0	536	416	63	19	-1	
4	1	113	1	1	0	536	416	63	19	-1	
5	1	113	1	1	1	536	416	63	19	96.845734	Plains
2	1	114	0	0	0	645	403	71	27	-1	
3	1	114	1	0	0	645	403	71	27	-1	
4	1	114	1	1	0	645	403	71	27	-1	
5	1	114	1	1	1	645	403	71	27	52.965389	ALakes
2	1	115	0	0	0	839	416	72	26	-1	
3	1	115	1	0	0	839	416	72	26	-1	
4	1	115	1	1	0	839	416	72	26	-1	
5	1	115	1	1	1	839	416	72	26	32.476433	ingland
2	1	116	0	0	0	1332	401	83	38	-1	
3	1	116	1	0	0	1332	401	83	38	-1	
4	1	116	1	1	0	1332	401	83	38	-1	
5	1	116	1	1	1	1332	401	83	38	24.710236	Fish
2	1	117	0	0	0	1468	397	35	42	-1	
3	1	117	1	0	0	1468	397	35	42	-1	
4	1	117	1	1	0	1468	397	35	42	-1	
5	1	117	1	1	1	1468	397	35	42	85.222488	ip
2	1	118	0	0	0	1685	406	68	40	-1	
3	1	118	1	0	0	1685	406	68	40	-1	
4	1	118	1	1	0	1685	406	68	40	-1	
5	1	118	1	1	1	1685	406	68	40	51.010326	Of
2	1	119	0	0	0	1927	406	29	35	-1	
3	1	119	1	0	0	1927	406	29	35	-1	
4	1	119	1	1	0	1927	406	29	35	-1	
5	1	119	1	1	1	1927	406	29	35	0.000000	(ss
2	1	120	0	0	0	1952	441	24	2	-1	
3	1	120	1	0	0	1952	441	24	2	-1	
4	1	120	1	1	0	1952	441	24	2	-1	
5	1	120	1	1	1	1952	441	24	2	42.419262	Ay
2	1	121	0	0	0	2000	406	17	23	-1	
3	1	121	1	0	0	2000	406	17	23	-1	
4	1	121	1	1	0	2000	406	17	23	-1	
5	1	121	1	1	1	2000	406	17	23	65.860069	Ly
2	1	122	0	0	0	2413	419	105	19	-1	
3	1	122	1	0	0	2413	419	105	19	-1	
4	1	122	1	1	0	2413	419	105	19	-1	
5	1	122	1	1	1	2413	419	63	19	96.873901	North
5	1	122	1	1	2	2483	420	35	18	97.001236	Sea
2	1	123	0	0	0	3282	425	17	8	-1	
3	1	123	1	0	0	3282	425	17	8	-1	
4	1	123	1	1	0	3282	425	17	8	-1	
5	1	123	1	1	1	3282	425	17	8	26.001770	He
2	1	124	0	0	0	3587	429	20	10	-1	
3	1	124	1	0	0	3587	429	20	10	-1	
4	1	124	1	1	0	3587	429	20	10	-1	
5	1	124	1	1	1	3587	429	20	10	34.820999	est
2	1	125	0	0	0	3738	418	19	7	-1	
3	1	125	1	0	0	3738	418	19	7	-1	
4	1	125	1	1	0	3738	418	19	7	-1	
5	1	125	1	1	1	3738	418	19	7	0.000000	~
2	1	126	0	0	0	3792	424	62	13	-1	
3	1	126	1	0	0	3792	424	62	13	-1	
4	1	126	1	1	0	3792	424	62	13	-1	
5	1	126	1	1	1	3792	424	62	13	0.000000	er
2	1	127	0	0	0	3917	424	90	14	-1	
3	1	127	1	0	0	3917	424	90	14	-1	
4	1	127	1	1	0	3917	424	90	14	-1	
5	1	127	1	1	1	3917	424	90	14	15.456955	wvws
2	1	128	0	0	0	4247	419	66	25	-1	
3	1	128	1	0	0	4247	419	66	25	-1	
4	1	128	1	1	0	4247	419	66	25	-1	
5	1	128	1	1	1	4247	419	66	25	64.120438	agland
2	1	129	0	0	0	5764	414	60	26	-1	
3	1	129	1	0	0	5764	414	60	26	-1	
4	1	129	1	1	0	5764	414	60	26	-1	
5	1	129	1	1	1	5764	414	60	26	89.746048	Volga
2	1	130	0	0	0	6554	432	11	8	-1	
3	1	130	1	0	0	6554	432	11	8	-1	
4	1	130	1	1	0	6554	432	11	8	-1	
5	1	130	1	1	1	6554	432	11	8	72.793365	x
2	1	131	0	0	0	730	434	53	25	-1	
3	1	131	1	0	0	730	434	53	25	-1	
4	1	131	1	1	0	730	434	53	25	-1	
5	1	131	1	1	1	730	434	53	25	86.118332	Virgi
2	1	132	0	0	0	1310	438	36	27	-1	
3	1	132	1	0	0	1310	438	36	27	-1	
4	1	132	1	1	0	1310	438	36	27	-1	
5	1	132	1	1	1	1310	438	36	27	6.676872	oe
2	1	133	0	0	0	1511	401	52	47	-1	
3	1	133	1	0	0	1511	401	52	47	-1	
4	1	133	1	1	0	1511	401	52	47	-1	
5	1	133	1	1	1	1511	401	52	47	26.408043	RI
2	1	134	0	0	0	1577	416	37	32	-1	
3	1	134	1	0	0	1577	416	37	32	-1	
4	1	134	1	1	0	1577	416	37	32	-1	
5	1	134	1	1	1	1577	416	37	32	0.000000	Ss
2	1	135	0	0	0	3240	450	42	8	-1	
3	1	135	1	0	0	3240	450	42	8	-1	
4	1	135	1	1	0	3240	450	42	8	-1	
5	1	135	1	1	1	3240	450	42	8	71.760689	——
2	1	136	0	0	0	3271	461	22	7	-1	
3	1	136	1	0	0	3271	461	22	7	-1	
4	1	136	1	1	0	3271	461	22	7	-1	
5	1	136	1	1	1	3271	461	22	7	29.121124	<
2	1	137	0	0	0	3378	450	42	17	-1	
3	1	137	1	0	0	3378	450	42	17	-1	
4	1	137	1	1	0	3378	450	42	17	-1	
5	1	137	1	1	1	3378	450	42	17	59.346180	et
2	1	138	0	0	0	3550	435	40	22	-1	
3	1	138	1	0	0	3550	435	40	22	-1	
4	1	138	1	1	0	3550	435	40	22	-1	
5	1	138	1	1	1	3550	435	40	22	62.509777	Sen
2	1	139	0	0	0	3859	437	35	12	-1	
3	1	139	1	0	0	3859	437	35	12	-1	
4	1	139	1	1	0	3859	437	35	12	-1	
5	1	139	1	1	1	3859	433	11	25	8.015594	wv
5	1	139	1	1	2	3879	437	15	12	20.787727	Ss.
2	1	140	0	0	0	5719	443	17	13	-1	
3	1	140	1	0	0	5719	443	17	13	-1	
4	1	140	1	1	0	5719	443	17	13	-1	
5	1	140	1	1	1	5719	443	17	13	9.408409	2
2	1	141	0	0	0	6235	440	11	10	-1	
3	1	141	1	0	0	6235	440	11	10	-1	
4	1	141	1	1	0	6235	440	11	10	-1	
5	1	141	1	1	1	6235	440	11	10	34.277420	Me.
2	1	142	0	0	0	6525	447	27	15	-1	
3	1	142	1	0	0	6525	447	27	15	-1	
4	1	142	1	1	0	6525	447	27	15	-1	
5	1	142	1	1	1	6525	447	27	15	36.131420	Al
2	1	143	0	0	0	6686	393	52	67	-1	
3	1	143	1	0	0	6686	393	52	67	-1	
4	1	143	1	1	0	6686	393	52	67	-1	
5	1	143	1	1	1	6686	393	52	67	14.404556	rs
2	1	144	0	0	0	1824	469	6	5	-1	
3	1	144	1	0	0	1824	469	6	5	-1	
4	1	144	1	1	0	1824	469	6	5	-1	
5	1	144	1	1	1	1824	469	6	5	7.686966	.
2	1	145	0	0	0	3225	486	18	7	-1	
3	1	145	1	0	0	3225	486	18	7	-1	
4	1	145	1	1	0	3225	486	18	7	-1	
5	1	145	1	1	1	3225	486	18	7	43.028561	aS
2	1	146	0	0	0	5069	442	73	32	-1	
3	1	146	1	0	0	5069	442	73	32	-1	
4	1	146	1	1	0	5069	442	73	32	-1	
5	1	146	1	1	1	5069	442	8	15	38.780602	i
5	1	146	1	1	2	5088	449	22	21	0.000000	~
5	1	146	1	1	3	5138	464	4	10	73.398842	|
2	1	147	0	0	0	5891	443	83	50	-1	
3	1	147	1	0	0	5891	443	83	50	-1	
4	1	147	1	1	0	5891	443	83	50	-1	
5	1	147	1	1	1	5891	443	83	50	9.338028	—_
2	1	148	0	0	0	6073	465	23	17	-1	
3	1	148	1	0	0	6073	465	23	17	-1	
4	1	148	1	1	0	6073	465	23	17	-1	
5	1	148	1	1	1	6073	465	23	17	17.010429	ty
2	1	149	0	0	0	6145	469	27	14	-1	
3	1	149	1	0	0	6145	469	27	14	-1	
4	1	149	1	1	0	6145	469	27	14	-1	
5	1	149	1	1	1	6145	469	27	14	34.370682	SZ
2	1	150	0	0	0	434	418	86	92	-1	
3	1	150	1	0	0	434	418	86	92	-1	
4	1	150	1	1	0	434	418	86	92	-1	
5	1	150	1	1	1	434	418	86	92	76.813339	@
2	1	151	0	0	0	4419	499	22	15	-1	
3	1	151	1	0	0	4419	499	22	15	-1	
4	1	151	1	1	0	4419	499	22	15	-1	
5	1	151	1	1	1	4419	499	22	15	31.454529	A
2	1	152	0	0	0	5764	489	21	15	-1	
3	1	152	1	0	0	5764	489	21	15	-1	
4	1	152	1	1	0	5764	489	21	15	-1	
5	1	152	1	1	1	5764	491	2	6	52.968582	ig
5	1	152	1	1	2	5783	489	2	15	77.564484	|
2	1	153	0	0	0	6065	480	155	26	-1	
3	1	153	1	0	0	6065	480	155	26	-1	
4	1	153	1	1	0	6065	480	155	26	-1	
5	1	153	1	1	1	6065	483	55	14	31.005447	CM
5	1	153	1	1	2	6132	486	56	18	45.424370	Oirat
2	1	154	0	0	0	6433	482	15	16	-1	
3	1	154	1	0	0	6433	482	15	16	-1	
4	1	154	1	1	0	6433	482	15	16	-1	
5	1	154	1	1	1	6433	482	15	16	23.009293	Ari
2	1	155	0	0	0	6542	477	32	22	-1	
3	1	155	1	0	0	6542	477	32	22	-1	
4	1	155	1	1	0	6542	477	32	22	-1	
5	1	155	1	1	1	6542	477	32	22	29.631310	AMA
2	1	156	0	0	0	451	516	55	20	-1	
3	1	156	1	0	0	451	516	55	20	-1	
4	1	156	1	1	0	451	516	55	20	-1	
5	1	156	1	1	1	451	516	55	20	61.445957	alifor:
2	1	157	0	0	0	599	517	93	18	-1	
3	1	157	1	0	0	599	517	93	18	-1	
4	1	157	1	1	0	599	517	93	18	-1	
5	1	157	1	1	1	599	517	93	18	14.752129	ississippi
2	1	158	0	0	0	709	476	43	48	-1	
3	1	158	1	0	0	709	476	43	48	-1	
4	1	158	1	1	0	709	476	43	48	-1	
5	1	158	1	1	1	709	476	43	48	28.965347	ay
2	1	159	0	0	0	2435	467	63	57	-1	
3	1	159	1	0	0	2435	467	63	57	-1	
4	1	159	1	1	0	2435	467	63	57	-1	
5	1	159	1	1	1	2435	467	63	57	55.443588	oe
2	1	160	0	0	0	3595	500	91	24	-1	
3	1	160	1	0	0	3595	500	91	24	-1	
4	1	160	1	1	0	3595	500	91	24	-1	
5	1	160	1	1	1	3595	500	78	24	23.982239	OSTLA
5	1	160	1	1	2	3678	512	8	11	58.427734	Ky
2	1	161	0	0	0	3656	518	27	11	-1	
3	1	161	1	0	0	3656	518	27	11	-1	
4	1	161	1	1	0	3656	518	27	11	-1	
5	1	161	1	1	1	3656	518	27	11	89.980240	AN
2	1	162	0	0	0	4433	515	42	7	-1	
3	1	162	1	0	0	4433	515	42	7	-1	
4	1	162	1	1	0	4433	515	42	7	-1	
5	1	162	1	1	1	4433	515	42	7	5.316559	ieee
2	1	163	0	0	0	4956	470	181	47	-1	
3	1	163	1	0	0	4956	470	181	47	-1	
4	1	163	1	1	0	4956	470	181	47	-1	
5	1	163	1	1	1	4956	470	181	47	8.822365	>)
2	1	164	0	0	0	5368	465	60	60	-1	
3	1	164	1	0	0	5368	465	60	60	-1	
4	1	164	1	1	0	5368	465	60	60	-1	
5	1	164	1	1	1	5364	461	29	68	27.597778	=P
5	1	164	1	1	2	5415	484	13	41	65.581055	|
2	1	165	0	0	0	697	538	76	19	-1	
3	1	165	1	0	0	697	538	76	19	-1	
4	1	165	1	1	0	697	538	76	19	-1	
5	1	165	1	1	1	697	538	76	19	96.850655	Florida
2	1	166	0	0	0	3176	500	169	55	-1	
3	1	166	1	0	0	3176	500	169	55	-1	
4	1	166	1	1	0	3176	500	169	55	-1	
5	1	166	1	1	1	3176	500	93	49	0.000000	Gt,
5	1	166	1	1	2	3283	530	18	11	62.839771	s
5	1	166	1	1	3	3325	519	20	36	43.168259	ES
2	1	167	0	0	0	3460	501	38	39	-1	
3	1	167	1	0	0	3460	501	38	39	-1	
4	1	167	1	1	0	3460	501	38	39	-1	
5	1	167	1	1	1	3460	501	38	39	25.274849	yo:
2	1	168	0	0	0	3686	510	56	32	-1	
3	1	168	1	0	0	3686	510	56	32	-1	
4	1	168	1	1	0	3686	510	56	32	-1	
5	1	168	1	1	1	3686	510	56	32	56.140137	IDET
2	1	169	0	0	0	4265	523	55	18	-1	
3	1	169	1	0	0	4265	523	55	18	-1	
4	1	169	1	1	0	4265	523	55	18	-1	
5	1	169	1	1	1	4265	523	15	9	30.133217	OTH
5	1	169	1	1	2	4309	526	11	15	3.705978	4
2	1	170	0	0	0	5428	503	22	41	-1	
3	1	170	1	0	0	5428	503	22	41	-1	
4	1	170	1	1	0	5428	503	22	41	-1	
5	1	170	1	1	1	5428	503	22	41	76.300583	é
2	1	171	0	0	0	5451	520	23	25	-1	
3	1	171	1	0	0	5451	520	23	25	-1	
4	1	171	1	1	0	5451	520	23	25	-1	
5	1	171	1	1	1	5451	520	23	25	18.992729	on
2	1	172	0	0	0	6130	543	76	19	-1	
3	1	172	1	0	0	6130	543	76	19	-1	
4	1	172	1	1	0	6130	543	76	19	-1	
5	1	172	1	1	1	6130	548	45	14	34.882866	erg
5	1	172	1	1	2	6187	543	19	12	49.131508	rt
2	1	173	0	0	0	6437	512	45	28	-1	
3	1	173	1	0	0	6437	512	45	28	-1	
4	1	173	1	1	0	6437	512	45	28	-1	
5	1	173	1	1	1	6437	512	45	28	47.205193	_
2	1	174	0	0	0	6538	529	28	27	-1	
3	1	174	1	0	0	6538	529	28	27	-1	
4	1	174	1	1	0	6538	529	28	27	-1	
5	1	174	1	1	1	6538	529	28	27	62.445370	®
2	1	175	0	0	0	847	489	124	86	-1	
3	1	175	1	0	0	847	489	124	86	-1	
4	1	175	1	1	0	847	489	124	86	-1	
5	1	175	1	1	1	847	489	124	86	32.230209	alle
2	1	176	0	0	0	3299	560	17	9	-1	
3	1	176	1	0	0	3299	560	17	9	-1	
4	1	176	1	1	0	3299	560	17	9	-1	
5	1	176	1	1	1	3299	560	17	9	36.684307	ji
2	1	177	0	0	0	4753	528	92	39	-1	
3	1	177	1	0	0	4753	528	92	39	-1	
4	1	177	1	1	0	4753	528	92	39	-1	
5	1	177	1	1	1	4753	528	92	39	44.958336	Dy
2	1	178	0	0	0	5794	544	199	29	-1	
3	1	178	1	0	0	5794	544	199	29	-1	
4	1	178	1	1	0	5794	544	199	29	-1	
5	1	178	1	1	1	5794	544	25	18	17.147552	on
5	1	178	1	1	2	5872	554	121	19	75.844955	Kazakhstan.
2	1	179	0	0	0	6234	567	11	9	-1	
3	1	179	1	0	0	6234	567	11	9	-1	
4	1	179	1	1	0	6234	567	11	9	-1	
5	1	179	1	1	1	6234	567	11	9	9.788147	Pm
2	1	180	0	0	0	6627	528	31	42	-1	
3	1	180	1	0	0	6627	528	31	42	-1	
4	1	180	1	1	0	6627	528	31	42	-1	
5	1	180	1	1	1	6627	528	31	42	0.000000	O>
2	1	181	0	0	0	6694	576	24	8	-1	
3	1	181	1	0	0	6694	576	24	8	-1	
4	1	181	1	1	0	6694	576	24	8	-1	
5	1	181	1	1	1	6694	576	24	8	39.186203	sey
2	1	182	0	0	0	720	571	51	29	-1	
3	1	182	1	0	0	720	571	51	29	-1	
4	1	182	1	1	0	720	571	51	29	-1	
5	1	182	1	1	1	720	571	51	29	5.285538	wy
2	1	183	0	0	0	789	558	43	49	-1	
3	1	183	1	0	0	789	558	43	49	-1	
4	1	183	1	1	0	789	558	43	49	-1	
5	1	183	1	1	1	789	558	43	49	57.668663	a
2	1	184	0	0	0	3180	563	71	24	-1	
3	1	184	1	0	0	3180	563	71	24	-1	
4	1	184	1	1	0	3180	563	71	24	-1	
5	1	184	1	1	1	3180	563	71	24	96.606850	Bergen
2	1	185	0	0	0	3398	580	30	27	-1	
3	1	185	1	0	0	3398	580	30	27	-1	
4	1	185	1	1	0	3398	580	30	27	-1	
5	1	185	1	1	1	3398	580	30	27	25.549606	a>
2	1	186	0	0	0	5420	556	105	48	-1	
3	1	186	1	0	0	5420	556	105	48	-1	
4	1	186	1	1	0	5420	556	105	48	-1	
5	1	186	1	1	1	5420	556	80	48	16.808914	RARET
5	1	186	1	1	2	5512	576	13	24	16.808914	4
2	1	187	0	0	0	6019	586	123	22	-1	
3	1	187	1	0	0	6019	586	123	22	-1	
4	1	187	1	1	0	6019	586	123	22	-1	
5	1	187	1	1	1	6019	588	73	20	1.587433	Yarkand
2	1	188	0	0	0	6126	568	96	22	-1	
3	1	188	1	0	0	6126	568	96	22	-1	
4	1	188	1	1	0	6126	568	96	22	-1	
5	1	188	1	1	1	6126	568	31	21	39.922417	NG
5	1	188	1	1	2	6175	573	47	17	13.069725	TR:
2	1	189	0	0	0	6255	561	231	51	-1	
3	1	189	1	0	0	6255	561	231	51	-1	
4	1	189	1	1	0	6255	561	231	51	-1	
5	1	189	1	1	1	6255	564	107	48	0.000000	pvicnsoli
5	1	189	1	1	2	6374	561	90	25	96.323425	Manchu
5	1	189	1	1	3	6481	573	5	6	11.009766	7
2	1	190	0	0	0	6554	581	17	20	-1	
3	1	190	1	0	0	6554	581	17	20	-1	
4	1	190	1	1	0	6554	581	17	20	-1	
5	1	190	1	1	1	6554	581	17	20	0.000000	2B
2	1	191	0	0	0	6694	583	20	15	-1	
3	1	191	1	0	0	6694	583	20	15	-1	
4	1	191	1	1	0	6694	583	20	15	-1	
5	1	191	1	1	1	6694	583	20	15	73.494377	y
2	1	192	0	0	0	972	544	167	86	-1	
3	1	192	1	0	0	972	544	167	86	-1	
4	1	192	1	1	0	972	544	167	86	-1	
5	1	192	1	1	1	972	544	167	86	45.882156	rie!
2	1	193	0	0	0	3406	608	19	21	-1	
3	1	193	1	0	0	3406	608	19	21	-1	
4	1	193	1	1	0	3406	608	19	21	-1	
5	1	193	1	1	1	3406	608	19	21	60.355511	»
2	1	194	0	0	0	3651	567	43	48	-1	
3	1	194	1	0	0	3651	567	43	48	-1	
4	1	194	1	1	0	3651	567	43	48	-1	
5	1	194	1	1	1	3651	567	43	48	52.031403	+
2	1	195	0	0	0	4003	564	49	47	-1	
3	1	195	1	0	0	4003	564	49	47	-1	
4	1	195	1	1	0	4003	564	49	47	-1	
5	1	195	1	1	1	4003	564	49	47	0.000000	e
2	1	196	0	0	0	4541	576	78	53	-1	
3	1	196	1	0	0	4541	576	78	53	-1	
4	1	196	1	1	0	4541	576	78	53	-1	
5	1	196	1	1	1	4541	576	78	53	15.785461	Ham
2	1	197	0	0	0	4649	594	95	21	-1	
3	1	197	1	0	0	4649	594	95	21	-1	
4	1	197	1	1	0	4649	594	95	21	-1	
5	1	197	1	1	1	4649	594	95	21	0.000000	Ce
2	1	198	0	0	0	5797	599	55	12	-1	
3	1	198	1	0	0	5797	599	55	12	-1	
4	1	198	1	1	0	5797	599	55	12	-1	
5	1	198	1	1	1	5797	599	14	12	90.337143	To
5	1	198	1	1	2	5816	599	36	12	90.337143	Khiva
2	1	199	0	0	0	5878	599	60	12	-1	
3	1	199	1	0	0	5878	599	60	12	-1	
4	1	199	1	1	0	5878	599	60	12	-1	
5	1	199	1	1	1	5878	599	17	12	89.935112	To
5	1	199	1	1	2	5899	599	39	12	15.888023	Samar!
2	1	200	0	0	0	6340	603	17	12	-1	
3	1	200	1	0	0	6340	603	17	12	-1	
4	1	200	1	1	0	6340	603	17	12	-1	
5	1	200	1	1	1	6340	603	17	12	84.631638	ijin
2	1	201	0	0	0	144	630	43	14	-1	
3	1	201	1	0	0	144	630	43	14	-1	
4	1	201	1	1	0	144	630	43	14	-1	
5	1	201	1	1	1	144	630	43	14	62.303810	SS
2	1	202	0	0	0	1120	630	27	10	-1	
3	1	202	1	0	0	1120	630	27	10	-1	
4	1	202	1	1	0	1120	630	27	10	-1	
5	1	202	1	1	1	1120	630	27	10	39.310932	ie
2	1	203	0	0	0	3287	608	42	32	-1	
3	1	203	1	0	0	3287	608	42	32	-1	
4	1	203	1	1	0	3287	608	42	32	-1	
5	1	203	1	1	1	3287	608	42	32	29.484421	es
2	1	204	0	0	0	3634	631	86	19	-1	
3	1	204	1	0	0	3634	631	86	19	-1	
4	1	204	1	1	0	3634	631	86	19	-1	
5	1	204	1	1	1	3634	631	86	19	91.707603	Akershus
2	1	205	0	0	0	4073	634	10	8	-1	
3	1	205	1	0	0	4073	634	10	8	-1	
4	1	205	1	1	0	4073	634	10	8	-1	
5	1	205	1	1	1	4073	634	10	8	44.281990	n
2	1	206	0	0	0	4736	619	69	26	-1	
3	1	206	1	0	0	4736	619	69	26	-1	
4	1	206	1	1	0	4736	619	69	26	-1	
5	1	206	1	1	1	4736	619	69	26	1.766235	ey:
2	1	207	0	0	0	5563	615	81	18	-1	
3	1	207	1	0	0	5563	615	81	18	-1	
4	1	207	1	1	0	5563	615	81	18	-1	
5	1	207	1	1	1	5563	615	81	18	92.816422	Olonets
2	1	208	0	0	0	541	652	77	19	-1	
3	1	208	1	0	0	541	652	77	19	-1	
4	1	208	1	1	0	541	652	77	19	-1	
5	1	208	1	1	1	541	652	77	19	88.531219	Mexico
2	1	209	0	0	0	2088	642	39	16	-1	
3	1	209	1	0	0	2088	642	39	16	-1	
4	1	209	1	1	0	2088	642	39	16	-1	
5	1	209	1	1	1	2088	642	39	16	36.382797	SOS
2	1	210	0	0	0	5731	623	68	33	-1	
3	1	210	1	0	0	5731	623	68	33	-1	
4	1	210	1	1	0	5731	623	68	33	-1	
5	1	210	1	1	1	5731	623	68	33	38.680286	Ww,
2	1	211	0	0	0	6052	656	22	15	-1	
3	1	211	1	0	0	6052	656	22	15	-1	
4	1	211	1	1	0	6052	656	22	15	-1	
5	1	211	1	1	1	6052	656	22	15	30.799973	hee
2	1	212	0	0	0	6062	647	18	15	-1	
3	1	212	1	0	0	6062	647	18	15	-1	
4	1	212	1	1	0	6062	647	18	15	-1	
5	1	212	1	1	1	6062	647	18	15	18.898560	as
2	1	213	0	0	0	6690	659	15	13	-1	
3	1	213	1	0	0	6690	659	15	13	-1	
4	1	213	1	1	0	6690	659	15	13	-1	
5	1	213	1	1	1	6690	659	15	13	25.239830	hy
2	1	214	0	0	0	850	652	27	26	-1	
3	1	214	1	0	0	850	652	27	26	-1	
4	1	214	1	1	0	850	652	27	26	-1	
5	1	214	1	1	1	850	652	27	26	29.051628	@)
2	1	215	0	0	0	888	606	35	83	-1	
3	1	215	1	0	0	888	606	35	83	-1	
4	1	215	1	1	0	888	606	35	83	-1	
5	1	215	1	1	1	888	606	35	83	23.037735	)
2	1	216	0	0	0	3679	671	19	13	-1	
3	1	216	1	0	0	3679	671	19	13	-1	
4	1	216	1	1	0	3679	671	19	13	-1	
5	1	216	1	1	1	3679	671	19	13	13.219070	Pins
2	1	217	0	0	0	4323	657	21	24	-1	
3	1	217	1	0	0	4323	657	21	24	-1	
4	1	217	1	1	0	4323	657	21	24	-1	
5	1	217	1	1	1	4323	657	21	24	16.851501	GC
2	1	218	0	0	0	4756	675	113	22	-1	
3	1	218	1	0	0	4756	675	113	22	-1	
4	1	218	1	1	0	4756	675	113	22	-1	
5	1	218	1	1	1	4756	675	113	22	96.012123	FINLAND
2	1	219	0	0	0	5635	645	34	37	-1	
3	1	219	1	0	0	5635	645	34	37	-1	
4	1	219	1	1	0	5635	645	34	37	-1	
5	1	219	1	1	1	5635	645	34	37	42.319695	ae,
2	1	220	0	0	0	6127	672	23	15	-1	
3	1	220	1	0	0	6127	672	23	15	-1	
4	1	220	1	1	0	6127	672	23	15	-1	
5	1	220	1	1	1	6127	672	23	15	34.127235	ou
2	1	221	0	0	0	496	698	49	20	-1	
3	1	221	1	0	0	496	698	49	20	-1	
4	1	221	1	1	0	496	698	49	20	-1	
5	1	221	1	1	1	496	698	49	20	88.916771	EAS’
2	1	222	0	0	0	1522	686	35	36	-1	
3	1	222	1	0	0	1522	686	35	36	-1	
4	1	222	1	1	0	1522	686	35	36	-1	
5	1	222	1	1	1	1522	686	35	36	90.614731	ps
2	1	223	0	0	0	1553	651	94	51	-1	
3	1	223	1	0	0	1553	651	94	51	-1	
4	1	223	1	1	0	1553	651	94	51	-1	
5	1	223	1	1	1	1553	651	94	51	0.000000	<¥et
2	1	224	0	0	0	3957	686	125	21	-1	
3	1	224	1	0	0	3957	686	125	21	-1	
4	1	224	1	1	0	3957	686	125	21	-1	
5	1	224	1	1	1	3957	686	125	21	91.969505	SVEALAND
2	1	225	0	0	0	5115	633	129	73	-1	
3	1	225	1	0	0	5115	633	130	73	-1	
4	1	225	1	1	0	5115	633	129	73	-1	
5	1	225	1	1	1	5115	633	129	73	0.000000	e.
2	1	226	0	0	0	5629	676	40	27	-1	
3	1	226	1	0	0	5629	676	40	27	-1	
4	1	226	1	1	0	5629	676	40	27	-1	
5	1	226	1	1	1	5629	676	40	27	40.151993	RAC
2	1	227	0	0	0	844	708	33	28	-1	
3	1	227	1	0	0	844	708	33	28	-1	
4	1	227	1	1	0	844	708	33	28	-1	
5	1	227	1	1	1	844	708	33	28	32.689102	gD
2	1	228	0	0	0	1569	705	39	32	-1	
3	1	228	1	0	0	1569	705	39	32	-1	
4	1	228	1	1	0	1569	705	39	32	-1	
5	1	228	1	1	1	1569	705	39	32	64.729240	Ne
2	1	229	0	0	0	4264	671	65	70	-1	
3	1	229	1	0	0	4264	671	65	70	-1	
4	1	229	1	1	0	4264	671	65	70	-1	
5	1	229	1	1	1	4264	671	65	70	45.112770	ny
2	1	230	0	0	0	6522	704	25	22	-1	
3	1	230	1	0	0	6522	704	25	22	-1	
4	1	230	1	1	0	6522	704	25	22	-1	
5	1	230	1	1	1	6522	704	25	22	32.423676	ass
2	1	231	0	0	0	1447	703	73	47	-1	
3	1	231	1	0	0	1447	703	73	47	-1	
4	1	231	1	1	0	1447	703	73	47	-1	
5	1	231	1	1	1	1447	703	73	47	38.745823	aot
2	1	232	0	0	0	1522	720	45	39	-1	
3	1	232	1	0	0	1522	720	45	39	-1	
4	1	232	1	1	0	1522	720	45	39	-1	
5	1	232	1	1	1	1522	720	45	39	41.917648	we
2	1	233	0	0	0	4336	714	44	44	-1	
3	1	233	1	0	0	4336	714	44	44	-1	
4	1	233	1	1	0	4336	714	44	44	-1	
5	1	233	1	1	1	4336	714	44	44	25.400131	©)
2	1	234	0	0	0	4939	714	75	43	-1	
3	1	234	1	0	0	4939	714	75	43	-1	
4	1	234	1	1	0	4939	714	75	43	-1	
5	1	234	1	1	1	4939	714	75	43	92.081253	Nyland
2	1	235	0	0	0	901	756	69	24	-1	
3	1	235	1	0	0	901	756	69	24	-1	
4	1	235	1	1	0	901	756	69	24	-1	
5	1	235	1	1	1	901	756	69	24	72.124786	Guyan:
2	1	236	0	0	0	1101	753	74	37	-1	
3	1	236	1	0	0	1101	753	74	37	-1	
4	1	236	1	1	0	1101	753	74	37	-1	
5	1	236	1	1	1	1101	753	74	37	70.423447	aC
2	1	237	0	0	0	1406	738	52	36	-1	
3	1	237	1	0	0	1406	738	52	36	-1	
4	1	237	1	1	0	1406	738	52	36	-1	
5	1	237	1	1	1	1406	738	52	36	40.558540	ot
2	1	238	0	0	0	1461	745	66	40	-1	
3	1	238	1	0	0	1461	745	66	40	-1	
4	1	238	1	1	0	1461	745	66	40	-1	
5	1	238	1	1	1	1461	745	66	40	43.079342	«yh
2	1	239	0	0	0	3666	755	45	18	-1	
3	1	239	1	0	0	3666	755	45	18	-1	
4	1	239	1	1	0	3666	755	45	18	-1	
5	1	239	1	1	1	3666	755	45	18	95.756020	Borg
2	1	240	0	0	0	3737	754	37	25	-1	
3	1	240	1	0	0	3737	754	37	25	-1	
4	1	240	1	1	0	3737	754	37	25	-1	
5	1	240	1	1	1	3737	754	37	25	59.587345	sys!
2	1	241	0	0	0	4241	760	114	26	-1	
3	1	241	1	0	0	4241	760	114	26	-1	
4	1	241	1	1	0	4241	760	114	26	-1	
5	1	241	1	1	1	4241	760	114	26	73.013924	Stockholm
2	1	242	0	0	0	4485	742	106	49	-1	
3	1	242	1	0	0	4485	742	106	49	-1	
4	1	242	1	1	0	4485	742	106	49	-1	
5	1	242	1	1	1	4485	742	64	49	95.624413	Baltic
5	1	242	1	1	2	4556	763	35	18	96.886589	Sea
2	1	243	0	0	0	5265	760	42	32	-1	
3	1	243	1	0	0	5265	760	42	32	-1	
4	1	243	1	1	0	5265	760	42	32	-1	
5	1	243	1	1	1	5265	760	42	32	23.724602	@,
2	1	244	0	0	0	1345	757	61	38	-1	
3	1	244	1	0	0	1345	757	61	38	-1	
4	1	244	1	1	0	1345	757	61	38	-1	
5	1	244	1	1	1	1345	757	61	38	0.000000	—
2	1	245	0	0	0	5837	748	106	60	-1	
3	1	245	1	0	0	5837	748	106	60	-1	
4	1	245	1	1	0	5837	748	106	60	-1	
5	1	245	1	1	1	5837	748	106	60	87.199333	Beloozero
2	1	246	0	0	0	6598	773	77	21	-1	
3	1	246	1	0	0	6598	773	77	21	-1	
4	1	246	1	1	0	6598	773	77	21	-1	
5	1	246	1	1	1	6598	773	14	10	45.341667	>
5	1	246	1	1	2	6621	776	54	18	94.355721	Perm
2	1	247	0	0	0	758	805	15	12	-1	
3	1	247	1	0	0	758	805	15	12	-1	
4	1	247	1	1	0	758	805	15	12	-1	
5	1	247	1	1	1	758	805	15	12	35.204834	a
2	1	248	0	0	0	3834	727	175	92	-1	
3	1	248	1	0	0	3834	727	175	92	-1	
4	1	248	1	1	0	3834	727	175	92	-1	
5	1	248	1	1	1	3834	727	175	92	12.328049	a
2	1	249	0	0	0	1056	842	130	19	-1	
3	1	249	1	0	0	1056	842	130	19	-1	
4	1	249	1	1	0	1056	842	130	19	-1	
5	1	249	1	1	1	1056	842	130	19	65.820389	Pernambuco}
2	1	250	0	0	0	5411	799	102	42	-1	
3	1	250	1	0	0	5411	799	102	42	-1	
4	1	250	1	1	0	5411	799	102	42	-1	
5	1	250	1	1	1	5411	799	102	42	3.045532	Ladoga”
2	1	251	0	0	0	5628	848	29	7	-1	
3	1	251	1	0	0	5628	848	29	7	-1	
4	1	251	1	1	0	5628	848	29	7	-1	
5	1	251	1	1	1	5628	848	29	7	17.582199	ae
2	1	252	0	0	0	5632	842	23	6	-1	
3	1	252	1	0	0	5632	842	23	6	-1	
4	1	252	1	1	0	5632	842	23	6	-1	
5	1	252	1	1	1	5632	842	23	6	21.514732	oe
2	1	253	0	0	0	6416	825	66	26	-1	
3	1	253	1	0	0	6416	825	66	26	-1	
4	1	253	1	1	0	6416	825	66	26	-1	
5	1	253	1	1	1	6416	825	66	26	49.521812	hos
2	1	254	0	0	0	731	840	49	24	-1	
3	1	254	1	0	0	731	840	49	24	-1	
4	1	254	1	1	0	731	840	49	24	-1	
5	1	254	1	1	1	731	840	49	24	87.846390	Quit
2	1	255	0	0	0	1546	874	10	10	-1	
3	1	255	1	0	0	1546	874	10	10	-1	
4	1	255	1	1	0	1546	874	10	10	-1	
5	1	255	1	1	1	1546	874	10	10	81.976845	7
2	1	256	0	0	0	1958	844	19	19	-1	
3	1	256	1	0	0	1958	844	19	19	-1	
4	1	256	1	1	0	1958	844	19	19	-1	
5	1	256	1	1	1	1958	844	19	19	60.127613	ws
2	1	257	0	0	0	1987	845	85	38	-1	
3	1	257	1	0	0	1987	845	85	38	-1	
4	1	257	1	1	0	1987	845	85	38	-1	
5	1	257	1	1	1	1987	845	85	38	0.000000	ccoLl
2	1	258	0	0	0	2245	827	37	43	-1	
3	1	258	1	0	0	2245	827	37	43	-1	
4	1	258	1	1	0	2245	827	37	43	-1	
5	1	258	1	1	1	2245	827	37	43	92.312355	9
2	1	259	0	0	0	4118	834	77	47	-1	
3	1	259	1	0	0	4118	834	77	47	-1	
4	1	259	1	1	0	4118	834	77	47	-1	
5	1	259	1	1	1	4118	834	77	47	74.462296	Fo
2	1	260	0	0	0	4467	805	102	61	-1	
3	1	260	1	0	0	4467	805	102	61	-1	
4	1	260	1	1	0	4467	805	102	61	-1	
5	1	260	1	1	1	4467	855	7	6	8.334511	_
5	1	260	1	1	2	4507	805	62	61	56.117500	8
2	1	261	0	0	0	5567	863	18	14	-1	
3	1	261	1	0	0	5567	863	18	14	-1	
4	1	261	1	1	0	5567	863	18	14	-1	
5	1	261	1	1	1	5567	863	18	14	23.621338	cup
2	1	262	0	0	0	137	816	88	73	-1	
3	1	262	1	0	0	137	816	88	73	-1	
4	1	262	1	1	0	137	816	88	73	-1	
5	1	262	1	1	1	137	816	88	73	16.928520	sy
2	1	263	0	0	0	270	821	84	64	-1	
3	1	263	1	0	0	270	821	84	64	-1	
4	1	263	1	1	0	270	821	84	64	-1	
5	1	263	1	1	1	270	821	84	64	61.114315	Gs)
2	1	264	0	0	0	284	882	57	14	-1	
3	1	264	1	0	0	284	882	57	14	-1	
4	1	264	1	1	0	284	882	57	14	-1	
5	1	264	1	1	1	284	882	57	14	20.392235	Se
2	1	265	0	0	0	889	871	91	14	-1	
3	1	265	1	0	0	889	871	91	14	-1	
4	1	265	1	1	0	889	871	91	14	-1	
5	1	265	1	1	1	889	871	91	14	51.692711	mazonasy
2	1	266	0	0	0	1088	872	56	26	-1	
3	1	266	1	0	0	1088	872	56	26	-1	
4	1	266	1	1	0	1088	872	56	26	-1	
5	1	266	1	1	1	1088	872	56	26	24.362267	eX
2	1	267	0	0	0	1956	898	10	9	-1	
3	1	267	1	0	0	1956	898	10	9	-1	
4	1	267	1	1	0	1956	898	10	9	-1	
5	1	267	1	1	1	1956	898	10	9	31.319122	%
2	1	268	0	0	0	2179	879	98	20	-1	
3	1	268	1	0	0	2179	879	98	20	-1	
4	1	268	1	1	0	2179	879	98	20	-1	
5	1	268	1	1	1	2179	879	98	20	61.533527	Aberdeen
2	1	269	0	0	0	5832	898	16	9	-1	
3	1	269	1	0	0	5832	898	16	9	-1	
4	1	269	1	1	0	5832	898	16	9	-1	
5	1	269	1	1	1	5832	898	16	9	4.720345	>a
2	1	270	0	0	0	6669	837	49	65	-1	
3	1	270	1	0	0	6669	837	49	65	-1	
4	1	270	1	1	0	6669	837	49	65	-1	
5	1	270	1	1	1	6669	837	49	65	34.668060	ie
2	1	271	0	0	0	621	899	107	31	-1	
3	1	271	1	0	0	621	899	107	31	-1	
4	1	271	1	1	0	621	899	107	31	-1	
5	1	271	1	1	1	621	899	107	31	0.000000	EGu
2	1	272	0	0	0	747	881	30	35	-1	
3	1	272	1	0	0	747	881	30	35	-1	
4	1	272	1	1	0	747	881	30	35	-1	
5	1	272	1	1	1	747	881	30	35	74.588356	g
2	1	273	0	0	0	810	905	22	19	-1	
3	1	273	1	0	0	810	905	22	19	-1	
4	1	273	1	1	0	810	905	22	19	-1	
5	1	273	1	1	1	810	905	22	19	26.058647	Mi
2	1	274	0	0	0	2766	902	20	10	-1	
3	1	274	1	0	0	2766	902	20	10	-1	
4	1	274	1	1	0	2766	902	20	10	-1	
5	1	274	1	1	1	2766	902	20	10	0.000000	ay
2	1	275	0	0	0	2814	909	34	15	-1	
3	1	275	1	0	0	2814	909	34	15	-1	
4	1	275	1	1	0	2814	909	34	15	-1	
5	1	275	1	1	1	2814	909	34	15	54.052029	Sag
2	1	276	0	0	0	2928	912	18	11	-1	
3	1	276	1	0	0	2928	912	18	11	-1	
4	1	276	1	1	0	2928	912	18	11	-1	
5	1	276	1	1	1	2928	912	18	11	33.266380	Se
2	1	277	0	0	0	4073	894	86	32	-1	
3	1	277	1	0	0	4073	894	86	32	-1	
4	1	277	1	1	0	4073	894	86	32	-1	
5	1	277	1	1	1	4073	894	15	19	70.968216	fo
5	1	277	1	1	2	4093	894	66	32	31.825569	stergor
2	1	278	0	0	0	4188	896	21	19	-1	
3	1	278	1	0	0	4188	896	21	19	-1	
4	1	278	1	1	0	4188	896	21	19	-1	
5	1	278	1	1	1	4188	896	21	19	84.206711	ad
2	1	279	0	0	0	4840	874	64	34	-1	
3	1	279	1	0	0	4840	874	64	34	-1	
4	1	279	1	1	0	4840	874	64	34	-1	
5	1	279	1	1	1	4840	874	64	34	56.767471	Reval
2	1	280	0	0	0	5494	898	32	11	-1	
3	1	280	1	0	0	5494	898	32	11	-1	
4	1	280	1	1	0	5494	898	32	11	-1	
5	1	280	1	1	1	5494	898	32	11	11.289734	zee
2	1	281	0	0	0	6691	902	18	15	-1	
3	1	281	1	0	0	6691	902	18	15	-1	
4	1	281	1	1	0	6691	902	18	15	-1	
5	1	281	1	1	1	6691	902	18	15	0.000000	Se
2	1	282	0	0	0	1090	899	71	49	-1	
3	1	282	1	0	0	1090	899	71	49	-1	
4	1	282	1	1	0	1090	899	71	49	-1	
5	1	282	1	1	1	1090	899	71	49	50.145805	So
2	1	283	0	0	0	1726	872	167	73	-1	
3	1	283	1	0	0	1726	872	167	73	-1	
4	1	283	1	1	0	1726	872	167	73	-1	
5	1	283	1	1	1	1726	872	167	73	89.413208	ofS
2	1	284	0	0	0	2060	877	56	74	-1	
3	1	284	1	0	0	2060	877	56	74	-1	
4	1	284	1	1	0	2060	877	56	74	-1	
5	1	284	1	1	1	2060	877	56	74	80.616684	6
2	1	285	0	0	0	3927	910	137	22	-1	
3	1	285	1	0	0	3927	910	137	22	-1	
4	1	285	1	1	0	3927	910	137	22	-1	
5	1	285	1	1	1	3927	910	137	22	92.347893	GOTALAND
2	1	286	0	0	0	5012	934	20	19	-1	
3	1	286	1	0	0	5012	934	20	19	-1	
4	1	286	1	1	0	5012	934	20	19	-1	
5	1	286	1	1	1	5012	934	20	19	20.872940	en
2	1	287	0	0	0	5840	935	9	10	-1	
3	1	287	1	0	0	5840	935	9	10	-1	
4	1	287	1	1	0	5840	935	9	10	-1	
5	1	287	1	1	1	5840	935	9	10	26.463425	is:
2	1	288	0	0	0	5979	907	88	44	-1	
3	1	288	1	0	0	5979	907	88	44	-1	
4	1	288	1	1	0	5979	907	88	44	-1	
5	1	288	1	1	1	5979	907	88	44	0.000000	oloeda
2	1	289	0	0	0	977	951	65	18	-1	
3	1	289	1	0	0	977	951	65	18	-1	
4	1	289	1	1	0	977	951	65	18	-1	
5	1	289	1	1	1	977	951	65	18	85.635452	Minas
2	1	290	0	0	0	3941	936	108	22	-1	
3	1	290	1	0	0	3941	936	108	22	-1	
4	1	290	1	1	0	3941	936	108	22	-1	
5	1	290	1	1	1	3941	936	20	21	90.452858	&
5	1	290	1	1	2	3969	937	80	21	90.452858	SKANE
2	1	291	0	0	0	5304	944	67	21	-1	
3	1	291	1	0	0	5304	944	67	21	-1	
4	1	291	1	1	0	5304	944	67	21	-1	
5	1	291	1	1	1	5304	944	67	21	76.435410	Novgor.
2	1	292	0	0	0	768	960	84	24	-1	
3	1	292	1	0	0	768	960	84	24	-1	
4	1	292	1	1	0	768	960	84	24	-1	
5	1	292	1	1	1	768	964	3	20	40.340958	_
5	1	292	1	1	2	788	960	64	19	96.137657	Cuzco
2	1	293	0	0	0	977	975	66	18	-1	
3	1	293	1	0	0	977	975	66	18	-1	
4	1	293	1	1	0	977	975	66	18	-1	
5	1	293	1	1	1	977	975	66	18	96.954124	Gerais
2	1	294	0	0	0	1247	957	57	36	-1	
3	1	294	1	0	0	1247	957	57	36	-1	
4	1	294	1	1	0	1247	957	57	36	-1	
5	1	294	1	1	1	1247	957	57	36	44.005135	pA
2	1	295	0	0	0	2059	956	55	34	-1	
3	1	295	1	0	0	2059	956	55	34	-1	
4	1	295	1	1	0	2059	956	55	34	-1	
5	1	295	1	1	1	2059	956	55	34	94.133308	Perth
2	1	296	0	0	0	4842	945	80	45	-1	
3	1	296	1	0	0	4842	945	80	45	-1	
4	1	296	1	1	0	4842	945	80	45	-1	
5	1	296	1	1	1	4842	945	80	45	42.453938	Hay
2	1	297	0	0	0	5105	954	54	36	-1	
3	1	297	1	0	0	5105	954	54	36	-1	
4	1	297	1	1	0	5105	954	54	36	-1	
5	1	297	1	1	1	5105	954	54	36	0.000000	™~\
2	1	298	0	0	0	6459	957	59	34	-1	
3	1	298	1	0	0	6459	957	59	34	-1	
4	1	298	1	1	0	6459	957	59	34	-1	
5	1	298	1	1	1	6459	957	59	34	34.454681	PERM
2	1	299	0	0	0	1909	970	38	32	-1	
3	1	299	1	0	0	1909	970	38	32	-1	
4	1	299	1	1	0	1909	970	38	32	-1	
5	1	299	1	1	1	1909	970	38	32	10.207581	NZ
2	1	300	0	0	0	3018	952	102	49	-1	
3	1	300	1	0	0	3018	952	102	49	-1	
4	1	300	1	1	0	3018	952	102	49	-1	
5	1	300	1	1	1	3018	952	102	49	28.175491	Se
2	1	301	0	0	0	4292	982	84	44	-1	
3	1	301	1	0	0	4292	982	84	44	-1	
4	1	301	1	1	0	4292	982	84	44	-1	
5	1	301	1	1	1	4292	982	84	44	32.179169	Gogand
2	1	302	0	0	0	5232	975	32	25	-1	
3	1	302	1	0	0	5232	975	32	25	-1	
4	1	302	1	1	0	5232	975	32	25	-1	
5	1	302	1	1	1	5232	975	32	25	22.440834	ne
2	1	303	0	0	0	5914	999	16	14	-1	
3	1	303	1	0	0	5914	999	16	14	-1	
4	1	303	1	1	0	5914	999	16	14	-1	
5	1	303	1	1	1	5914	999	16	14	37.367622	ai
2	1	304	0	0	0	5926	1009	29	13	-1	
3	1	304	1	0	0	5926	1009	29	13	-1	
4	1	304	1	1	0	5926	1009	29	13	-1	
5	1	304	1	1	1	5926	1009	29	13	38.265984	We
2	1	305	0	0	0	2915	982	99	44	-1	
3	1	305	1	0	0	2915	982	99	44	-1	
4	1	305	1	1	0	2915	982	99	44	-1	
5	1	305	1	1	1	2915	982	99	44	58.522663	Nort
2	1	306	0	0	0	3867	988	44	45	-1	
3	1	306	1	0	0	3867	988	44	45	-1	
4	1	306	1	1	0	3867	988	44	45	-1	
5	1	306	1	1	1	3867	988	44	45	0.000000	@
2	1	307	0	0	0	4955	1022	109	20	-1	
3	1	307	1	0	0	4955	1022	109	20	-1	
4	1	307	1	1	0	4955	1022	109	20	-1	
5	1	307	1	1	1	4955	1022	109	20	96.305962	ESTONIA
2	1	308	0	0	0	5146	1003	106	20	-1	
3	1	308	1	0	0	5146	1003	106	20	-1	
4	1	308	1	1	0	5146	1003	106	20	-1	
5	1	308	1	1	1	5146	1005	66	16	13.888290	‘Pskov
5	1	308	1	1	2	5219	1006	33	16	6.315277	>
2	1	309	0	0	0	5411	971	104	57	-1	
3	1	309	1	0	0	5411	971	104	57	-1	
4	1	309	1	1	0	5411	971	104	57	-1	
5	1	309	1	1	1	5411	971	104	57	94.955841	Novgorod
2	1	310	0	0	0	5689	1029	21	14	-1	
3	1	310	1	0	0	5689	1029	21	14	-1	
4	1	310	1	1	0	5689	1029	21	14	-1	
5	1	310	1	1	1	5689	1029	21	14	26.539703	Ae
2	1	311	0	0	0	6598	1012	71	19	-1	
3	1	311	1	0	0	6598	1012	71	19	-1	
4	1	311	1	1	0	6598	1012	71	19	-1	
5	1	311	1	1	1	6598	1012	71	19	92.856438	Viatka
2	1	312	0	0	0	1046	975	75	73	-1	
3	1	312	1	0	0	1046	975	75	73	-1	
4	1	312	1	1	0	1046	975	75	73	-1	
5	1	312	1	1	1	1046	975	75	73	76.223618	8,
2	1	313	0	0	0	2135	994	50	59	-1	
3	1	313	1	0	0	2135	994	50	59	-1	
4	1	313	1	1	0	2135	994	50	59	-1	
5	1	313	1	1	1	2135	994	50	59	91.597092	©
2	1	314	0	0	0	2420	1022	259	45	-1	
3	1	314	1	0	0	2420	1022	259	45	-1	
4	1	314	1	1	0	2420	1022	259	45	-1	
5	1	314	1	1	1	2420	1022	259	45	91.376793	DOGGERBANK
2	1	315	0	0	0	3305	1012	75	52	-1	
3	1	315	1	0	0	3305	1012	75	52	-1	
4	1	315	1	1	0	3305	1012	75	52	-1	
5	1	315	1	1	1	3305	1012	75	52	73.799042	ar
2	1	316	0	0	0	4599	1001	49	60	-1	
3	1	316	1	0	0	4599	1001	49	60	-1	
4	1	316	1	1	0	4599	1001	49	60	-1	
5	1	316	1	1	1	4599	1001	49	60	48.788063	=
2	1	317	0	0	0	4640	1043	19	21	-1	
3	1	317	1	0	0	4640	1043	19	21	-1	
4	1	317	1	1	0	4640	1043	19	21	-1	
5	1	317	1	1	1	4640	1043	19	21	39.864040	Ky
2	1	318	0	0	0	4946	1047	103	20	-1	
3	1	318	1	0	0	4946	1047	103	20	-1	
4	1	318	1	1	0	4946	1047	103	20	-1	
5	1	318	1	1	1	4946	1048	20	19	25.760300	&
5	1	318	1	1	2	4972	1047	77	20	25.760300	LIVON:
2	1	319	0	0	0	800	1052	80	38	-1	
3	1	319	1	0	0	800	1052	80	38	-1	
4	1	319	1	1	0	800	1052	80	38	-1	
5	1	319	1	1	1	800	1052	80	38	27.921432	elt
2	1	320	0	0	0	1025	1053	124	24	-1	
3	1	320	1	0	0	1025	1053	124	24	-1	
4	1	320	1	1	0	1025	1053	124	24	-1	
5	1	320	1	1	1	1025	1061	13	12	88.639305	io
5	1	320	1	1	2	1044	1053	24	20	93.592232	de
5	1	320	1	1	3	1073	1055	76	22	95.066216	Janeiro
2	1	321	0	0	0	2122	1063	82	19	-1	
3	1	321	1	0	0	2122	1063	82	19	-1	
4	1	321	1	1	0	2122	1063	82	19	-1	
5	1	321	1	1	1	2122	1063	82	19	91.505074	Lothian
2	1	322	0	0	0	3911	1016	73	75	-1	
3	1	322	1	0	0	3911	1016	73	75	-1	
4	1	322	1	1	0	3911	1016	73	75	-1	
5	1	322	1	1	1	3911	1016	73	75	84.820343	4
2	1	323	0	0	0	5198	1069	20	13	-1	
3	1	323	1	0	0	5198	1069	20	13	-1	
4	1	323	1	1	0	5198	1069	20	13	-1	
5	1	323	1	1	1	5198	1069	20	13	49.713837	£%
2	1	324	0	0	0	5311	1066	89	25	-1	
3	1	324	1	0	0	5311	1066	89	25	-1	
4	1	324	1	1	0	5311	1066	89	25	-1	
5	1	324	1	1	1	5311	1066	89	25	49.394081	VGORO:
2	1	325	0	0	0	6280	1068	18	11	-1	
3	1	325	1	0	0	6280	1068	18	11	-1	
4	1	325	1	1	0	6280	1068	18	11	-1	
5	1	325	1	1	1	6280	1068	18	11	31.891556	et
2	1	326	0	0	0	201	1082	15	18	-1	
3	1	326	1	0	0	201	1082	15	18	-1	
4	1	326	1	1	0	201	1082	15	18	-1	
5	1	326	1	1	1	201	1082	15	18	38.045956	\
2	1	327	0	0	0	2259	1090	48	24	-1	
3	1	327	1	0	0	2259	1090	48	24	-1	
4	1	327	1	1	0	2259	1090	48	24	-1	
5	1	327	1	1	1	2259	1090	48	24	60.367195	eS
2	1	328	0	0	0	3764	1100	21	14	-1	
3	1	328	1	0	0	3764	1100	21	14	-1	
4	1	328	1	1	0	3764	1100	21	14	-1	
5	1	328	1	1	1	3764	1100	21	14	21.933083	ey
2	1	329	0	0	0	4769	1099	19	13	-1	
3	1	329	1	0	0	4769	1099	19	13	-1	
4	1	329	1	1	0	4769	1099	19	13	-1	
5	1	329	1	1	1	4769	1099	19	13	6.854599	ay
2	1	330	0	0	0	4821	1054	42	38	-1	
3	1	330	1	0	0	4821	1054	42	38	-1	
4	1	330	1	1	0	4821	1054	42	38	-1	
5	1	330	1	1	1	4821	1054	42	38	18.021454	e
2	1	331	0	0	0	5012	1070	31	22	-1	
3	1	331	1	0	0	5012	1070	31	22	-1	
4	1	331	1	1	0	5012	1070	31	22	-1	
5	1	331	1	1	1	5012	1070	31	22	38.211548	ae
2	1	332	0	0	0	6128	1054	25	53	-1	
3	1	332	1	0	0	6128	1054	25	53	-1	
4	1	332	1	1	0	6128	1054	25	53	-1	
5	1	332	1	1	1	6128	1054	25	53	0.000000	P
2	1	333	0	0	0	6267	1091	31	14	-1	
3	1	333	1	0	0	6267	1091	31	14	-1	
4	1	333	1	1	0	6267	1091	31	14	-1	
5	1	333	1	1	1	6267	1091	31	14	12.663666	eee
2	1	334	0	0	0	536	1112	39	24	-1	
3	1	334	1	0	0	536	1112	39	24	-1	
4	1	334	1	1	0	536	1112	39	24	-1	
5	1	334	1	1	1	536	1112	39	24	77.902428	—
2	1	335	0	0	0	634	1099	58	17	-1	
3	1	335	1	0	0	634	1099	58	17	-1	
4	1	335	1	1	0	634	1099	58	17	-1	
5	1	335	1	1	1	634	1099	58	17	96.779366	South
2	1	336	0	0	0	1726	1106	57	23	-1	
3	1	336	1	0	0	1726	1106	57	23	-1	
4	1	336	1	1	0	1726	1106	57	23	-1	
5	1	336	1	1	1	1726	1106	57	23	0.000000	Vos
2	1	337	0	0	0	3298	1059	338	61	-1	
3	1	337	1	0	0	3298	1059	338	61	-1	
4	1	337	1	1	0	3298	1059	338	61	-1	
5	1	337	1	1	1	3298	1068	62	25	60.857147	Vestjy!
5	1	337	1	1	2	3368	1074	45	39	18.190536	and
5	1	337	1	1	3	3424	1072	40	48	36.765896	oe
5	1	337	1	1	4	3472	1065	66	54	20.491737	Ossiyl
5	1	337	1	1	5	3599	1059	37	61	77.772102	%
2	1	338	0	0	0	3920	1106	53	27	-1	
3	1	338	1	0	0	3920	1106	53	27	-1	
4	1	338	1	1	0	3920	1106	53	27	-1	
5	1	338	1	1	1	3920	1106	53	27	20.492889	Lund
2	1	339	0	0	0	4174	1098	121	33	-1	
3	1	339	1	0	0	4174	1098	121	33	-1	
4	1	339	1	1	0	4174	1098	121	33	-1	
5	1	339	1	1	1	4174	1098	121	33	92.238449	BALTIC
2	1	340	0	0	0	4308	1084	62	32	-1	
3	1	340	1	0	0	4308	1084	62	32	-1	
4	1	340	1	1	0	4308	1084	62	32	-1	
5	1	340	1	1	1	4308	1084	62	32	96.346985	SEA
2	1	341	0	0	0	5876	1112	30	10	-1	
3	1	341	1	0	0	5876	1112	30	10	-1	
4	1	341	1	1	0	5876	1112	30	10	-1	
5	1	341	1	1	1	5876	1112	30	10	32.698776	es
2	1	342	0	0	0	5973	1104	93	19	-1	
3	1	342	1	0	0	5973	1104	93	19	-1	
4	1	342	1	1	0	5973	1104	93	19	-1	
5	1	342	1	1	1	5973	1104	93	19	87.336914	Yaroslayl
2	1	343	0	0	0	6100	1101	66	26	-1	
3	1	343	1	0	0	6100	1101	66	26	-1	
4	1	343	1	1	0	6100	1101	66	26	-1	
5	1	343	1	1	1	6100	1101	66	26	38.541904	eos
2	1	344	0	0	0	6276	1108	22	9	-1	
3	1	344	1	0	0	6276	1108	22	9	-1	
4	1	344	1	1	0	6276	1108	22	9	-1	
5	1	344	1	1	1	6276	1108	22	9	28.584503	Sect
2	1	345	0	0	0	289	1142	32	11	-1	
3	1	345	1	0	0	289	1142	32	11	-1	
4	1	345	1	1	0	289	1142	32	11	-1	
5	1	345	1	1	1	289	1142	32	11	2.771774	7S
2	1	346	0	0	0	883	1078	76	61	-1	
3	1	346	1	0	0	883	1078	76	61	-1	
4	1	346	1	1	0	883	1078	76	61	-1	
5	1	346	1	1	1	883	1078	76	61	82.827248	Ay)
2	1	347	0	0	0	1058	1120	44	22	-1	
3	1	347	1	0	0	1058	1120	44	22	-1	
4	1	347	1	1	0	1058	1120	44	22	-1	
5	1	347	1	1	1	1058	1120	44	22	67.455688	VEST
2	1	348	0	0	0	1134	1118	35	21	-1	
3	1	348	1	0	0	1134	1118	35	21	-1	
4	1	348	1	1	0	1134	1118	35	21	-1	
5	1	348	1	1	1	1134	1118	35	21	96.486237	RN
2	1	349	0	0	0	1742	1132	30	8	-1	
3	1	349	1	0	0	1742	1132	30	8	-1	
4	1	349	1	1	0	1742	1132	30	8	-1	
5	1	349	1	1	1	1742	1132	30	8	19.425087	ee
2	1	350	0	0	0	1974	1133	72	19	-1	
3	1	350	1	0	0	1974	1133	72	19	-1	
4	1	350	1	1	0	1974	1133	72	19	-1	
5	1	350	1	1	1	1974	1133	72	19	49.093494	ytshire
2	1	351	0	0	0	2080	1138	26	16	-1	
3	1	351	1	0	0	2080	1138	26	16	-1	
4	1	351	1	1	0	2080	1138	26	16	-1	
5	1	351	1	1	1	2080	1138	26	16	35.332672	=
2	1	352	0	0	0	2198	1136	26	13	-1	
3	1	352	1	0	0	2198	1136	26	13	-1	
4	1	352	1	1	0	2198	1136	26	13	-1	
5	1	352	1	1	1	2198	1136	26	13	24.888046	bos
2	1	353	0	0	0	2278	1148	3	3	-1	
3	1	353	1	0	0	2278	1148	3	3	-1	
4	1	353	1	1	0	2278	1148	3	3	-1	
5	1	353	1	1	1	2278	1148	3	3	0.000000	.
2	1	354	0	0	0	3543	1117	137	39	-1	
3	1	354	1	0	0	3543	1117	137	39	-1	
4	1	354	1	1	0	3543	1117	137	39	-1	
5	1	354	1	1	1	3543	1118	41	38	14.797554	SIA
5	1	354	1	1	2	3594	1117	59	32	72.111542	LAND
5	1	354	1	1	3	3666	1121	14	17	34.107666	»
2	1	355	0	0	0	3787	1098	38	44	-1	
3	1	355	1	0	0	3787	1098	38	44	-1	
4	1	355	1	1	0	3787	1098	38	44	-1	
5	1	355	1	1	1	3787	1098	38	44	32.356346	it)
2	1	356	0	0	0	5291	1141	25	10	-1	
3	1	356	1	0	0	5291	1141	25	10	-1	
4	1	356	1	1	0	5291	1141	25	10	-1	
5	1	356	1	1	1	5291	1141	25	10	10.627380	Peas
2	1	357	0	0	0	5320	1137	41	12	-1	
3	1	357	1	0	0	5320	1137	41	12	-1	
4	1	357	1	1	0	5320	1137	41	12	-1	
5	1	357	1	1	1	5320	1137	41	12	46.444286	i.
2	1	358	0	0	0	803	1154	56	19	-1	
3	1	358	1	0	0	803	1154	56	19	-1	
4	1	358	1	1	0	803	1154	56	19	-1	
5	1	358	1	1	1	803	1154	56	19	96.939651	Chile
2	1	359	0	0	0	905	1142	76	19	-1	
3	1	359	1	0	0	905	1142	76	19	-1	
4	1	359	1	1	0	905	1142	76	19	-1	
5	1	359	1	1	1	905	1147	7	4	66.547318	‘a
5	1	359	1	1	2	928	1142	53	19	92.975136	Plata
2	1	360	0	0	0	1089	1145	45	27	-1	
3	1	360	1	0	0	1089	1145	45	27	-1	
4	1	360	1	1	0	1089	1145	45	27	-1	
5	1	360	1	1	1	1089	1145	45	27	73.318733	ANT
2	1	361	0	0	0	2194	1156	97	19	-1	
3	1	361	1	0	0	2194	1156	97	19	-1	
4	1	361	1	1	0	2194	1156	97	19	-1	
5	1	361	1	1	1	2194	1156	97	19	38.898716	Northum!
2	1	362	0	0	0	2292	1137	80	38	-1	
3	1	362	1	0	0	2292	1137	80	38	-1	
4	1	362	1	1	0	2292	1137	80	38	-1	
5	1	362	1	1	1	2292	1137	80	38	0.000000	BePnd
2	1	363	0	0	0	3421	1152	46	14	-1	
3	1	363	1	0	0	3421	1152	46	14	-1	
4	1	363	1	1	0	3421	1152	46	14	-1	
5	1	363	1	1	1	3421	1152	46	14	23.632744	‘Otest™
2	1	364	0	0	0	3568	1148	77	23	-1	
3	1	364	1	0	0	3568	1148	77	23	-1	
4	1	364	1	1	0	3568	1148	77	23	-1	
5	1	364	1	1	1	3568	1152	22	19	84.091354	&
5	1	364	1	1	2	3595	1148	50	22	84.091354	FYN
2	1	365	0	0	0	560	1176	26	14	-1	
3	1	365	1	0	0	560	1176	26	14	-1	
4	1	365	1	1	0	560	1176	26	14	-1	
5	1	365	1	1	1	560	1176	26	14	44.917450	>
2	1	366	0	0	0	1726	1170	103	25	-1	
3	1	366	1	0	0	1726	1170	103	25	-1	
4	1	366	1	1	0	1726	1170	103	25	-1	
5	1	366	1	1	1	1726	1170	103	25	51.027840	UlaidhfZ
2	1	367	0	0	0	1837	1180	24	9	-1	
3	1	367	1	0	0	1837	1180	24	9	-1	
4	1	367	1	1	0	1837	1180	24	9	-1	
5	1	367	1	1	1	1837	1180	24	9	16.879272	Ft.
2	1	368	0	0	0	3399	1166	15	26	-1	
3	1	368	1	0	0	3399	1166	15	26	-1	
4	1	368	1	1	0	3399	1166	15	26	-1	
5	1	368	1	1	1	3399	1166	15	26	24.741714	fs
2	1	369	0	0	0	4884	1180	45	19	-1	
3	1	369	1	0	0	4884	1180	45	19	-1	
4	1	369	1	1	0	4884	1180	45	19	-1	
5	1	369	1	1	1	4884	1180	45	19	54.495548	USE
2	1	370	0	0	0	5052	1127	51	68	-1	
3	1	370	1	0	0	5052	1127	51	68	-1	
4	1	370	1	1	0	5052	1127	51	68	-1	
5	1	370	1	1	1	5052	1127	51	68	13.250618	uP
2	1	371	0	0	0	201	1209	13	18	-1	
3	1	371	1	0	0	201	1209	13	18	-1	
4	1	371	1	1	0	201	1209	13	18	-1	
5	1	371	1	1	1	201	1209	13	18	82.332664	\
2	1	372	0	0	0	3351	1191	52	37	-1	
3	1	372	1	0	0	3351	1191	52	37	-1	
4	1	372	1	1	0	3351	1191	52	37	-1	
5	1	372	1	1	1	3351	1191	21	37	0.000000	()
5	1	372	1	1	2	3401	1198	2	13	69.454216	i
2	1	373	0	0	0	3664	1188	54	19	-1	
3	1	373	1	0	0	3664	1188	54	19	-1	
4	1	373	1	1	0	3664	1188	54	19	-1	
5	1	373	1	1	1	3664	1188	54	19	96.592117	Kobe
2	1	374	0	0	0	3818	1207	6	11	-1	
3	1	374	1	0	0	3818	1207	6	11	-1	
4	1	374	1	1	0	3818	1207	6	11	-1	
5	1	374	1	1	1	3818	1207	6	11	42.136097	Hi
2	1	375	0	0	0	4003	1199	77	33	-1	
3	1	375	1	0	0	3986	1182	94	50	-1	
4	1	375	1	1	0	4003	1199	77	33	-1	
5	1	375	1	1	1	4003	1199	77	33	65.261490	Liibeck
2	1	376	0	0	0	5821	1206	30	9	-1	
3	1	376	1	0	0	5821	1206	30	9	-1	
4	1	376	1	1	0	5821	1206	30	9	-1	
5	1	376	1	1	1	5821	1206	30	9	31.936111	acd
2	1	377	0	0	0	6163	1206	69	19	-1	
3	1	377	1	0	0	6163	1206	69	19	-1	
4	1	377	1	1	0	6163	1206	69	19	-1	
5	1	377	1	1	1	6163	1206	69	19	91.515533	Suzdal
2	1	378	0	0	0	2177	1208	96	29	-1	
3	1	378	1	0	0	2177	1208	96	29	-1	
4	1	378	1	1	0	2177	1208	96	29	-1	
5	1	378	1	1	1	2177	1208	96	29	33.176811	ont
2	1	379	0	0	0	5763	1229	47	19	-1	
3	1	379	1	0	0	5763	1229	47	19	-1	
4	1	379	1	1	0	5763	1229	47	19	-1	
5	1	379	1	1	1	5763	1229	47	19	91.876617	Tyer
2	1	380	0	0	0	6277	1230	15	10	-1	
3	1	380	1	0	0	6277	1230	15	10	-1	
4	1	380	1	1	0	6277	1230	15	10	-1	
5	1	380	1	1	1	6277	1230	15	10	9.004280	on
2	1	381	0	0	0	909	1168	225	89	-1	
3	1	381	1	0	0	909	1168	225	89	-1	
4	1	381	1	1	0	909	1168	225	89	-1	
5	1	381	1	1	1	909	1168	225	89	33.811485	eel
2	1	382	0	0	0	3658	1198	160	73	-1	
3	1	382	1	0	0	3658	1198	160	73	-1	
4	1	382	1	1	0	3658	1198	160	73	-1	
5	1	382	1	1	1	3658	1198	160	73	22.219734	ba
5	1	382	1	1	2	3766	1194	53	104	17.781868	is
2	1	383	0	0	0	5997	1259	9	7	-1	
3	1	383	1	0	0	5997	1259	9	7	-1	
4	1	383	1	1	0	5997	1259	9	7	-1	
5	1	383	1	1	1	5997	1259	9	7	55.591454	pe
2	1	384	0	0	0	6092	1234	22	22	-1	
3	1	384	1	0	0	6092	1234	22	22	-1	
4	1	384	1	1	0	6092	1234	22	22	-1	
5	1	384	1	1	1	6092	1234	22	22	21.264076	ER
2	1	385	0	0	0	6155	1254	30	10	-1	
3	1	385	1	0	0	6155	1254	30	10	-1	
4	1	385	1	1	0	6155	1254	30	10	-1	
5	1	385	1	1	1	6155	1254	30	10	28.341331	Do
2	1	386	0	0	0	2191	1261	60	34	-1	
3	1	386	1	0	0	2191	1261	60	34	-1	
4	1	386	1	1	0	2191	1261	60	34	-1	
5	1	386	1	1	1	2191	1261	60	34	4.202568	iil
2	1	387	0	0	0	2403	1272	34	22	-1	
3	1	387	1	0	0	2403	1272	34	22	-1	
4	1	387	1	1	0	2403	1272	34	22	-1	
5	1	387	1	1	1	2403	1272	34	22	17.967903	ye
2	1	388	0	0	0	3423	1269	51	18	-1	
3	1	388	1	0	0	3423	1269	51	18	-1	
4	1	388	1	1	0	3423	1269	51	18	-1	
5	1	388	1	1	1	3423	1269	51	18	39.965378	lesvig
2	1	389	0	0	0	3520	1250	58	41	-1	
3	1	389	1	0	0	3520	1250	58	41	-1	
4	1	389	1	1	0	3520	1250	58	41	-1	
5	1	389	1	1	1	3516	1246	30	50	0.000000	ZN
5	1	389	1	1	2	3553	1246	30	50	0.000000	L)
2	1	390	0	0	0	4711	1280	83	12	-1	
3	1	390	1	0	0	4711	1280	83	12	-1	
4	1	390	1	1	0	4711	1280	83	12	-1	
5	1	390	1	1	1	4711	1280	83	12	88.591354	emaitija
2	1	391	0	0	0	4851	1267	36	17	-1	
3	1	391	1	0	0	4851	1267	36	17	-1	
4	1	391	1	1	0	4851	1267	36	17	-1	
5	1	391	1	1	1	4851	1267	36	17	62.592373	cho
2	1	392	0	0	0	5220	1280	19	13	-1	
3	1	392	1	0	0	5220	1280	19	13	-1	
4	1	392	1	1	0	5220	1280	19	13	-1	
5	1	392	1	1	1	5220	1280	19	13	30.281769	af
2	1	393	0	0	0	5400	1288	28	10	-1	
3	1	393	1	0	0	5400	1288	28	10	-1	
4	1	393	1	1	0	5400	1288	28	10	-1	
5	1	393	1	1	1	5400	1288	28	10	34.495377	ed
2	1	394	0	0	0	6349	1243	77	34	-1	
3	1	394	1	0	0	6349	1243	77	34	-1	
4	1	394	1	1	0	6349	1243	77	34	-1	
5	1	394	1	1	1	6349	1243	77	34	95.391228	Nizhny
2	1	395	0	0	0	2417	1294	16	15	-1	
3	1	395	1	0	0	2417	1294	16	15	-1	
4	1	395	1	1	0	2417	1294	16	15	-1	
5	1	395	1	1	1	2417	1294	16	15	6.205460	&
2	1	396	0	0	0	3862	1282	45	22	-1	
3	1	396	1	0	0	3862	1282	45	22	-1	
4	1	396	1	1	0	3862	1282	45	22	-1	
5	1	396	1	1	1	3862	1282	45	22	42.552361	FX
2	1	397	0	0	0	4013	1252	64	57	-1	
3	1	397	1	0	0	4013	1252	64	57	-1	
4	1	397	1	1	0	4013	1252	64	57	-1	
5	1	397	1	1	1	4013	1252	64	57	55.555233	oe
2	1	398	0	0	0	4560	1283	13	25	-1	
3	1	398	1	0	0	4560	1283	13	25	-1	
4	1	398	1	1	0	4560	1283	13	25	-1	
5	1	398	1	1	1	4560	1283	13	25	38.184021	)
2	1	399	0	0	0	6335	1279	104	24	-1	
3	1	399	1	0	0	6335	1279	104	24	-1	
4	1	399	1	1	0	6335	1279	104	24	-1	
5	1	399	1	1	1	6335	1279	104	24	91.112572	Noygorod
2	1	400	0	0	0	2142	1279	37	44	-1	
3	1	400	1	0	0	2142	1279	37	44	-1	
4	1	400	1	1	0	2142	1279	37	44	-1	
5	1	400	1	1	1	2142	1279	37	44	6.590210	g
2	1	401	0	0	0	2292	1305	50	19	-1	
3	1	401	1	0	0	2292	1305	50	19	-1	
4	1	401	1	1	0	2292	1305	50	19	-1	
5	1	401	1	1	1	2292	1305	50	19	95.277130	York
2	1	402	0	0	0	3504	1273	48	64	-1	
3	1	402	1	0	0	3504	1273	48	64	-1	
4	1	402	1	1	0	3504	1273	48	64	-1	
5	1	402	1	1	1	3504	1273	48	64	29.555710	*
2	1	403	0	0	0	3897	1305	39	32	-1	
3	1	403	1	0	0	3897	1305	39	32	-1	
4	1	403	1	1	0	3897	1305	39	32	-1	
5	1	403	1	1	1	3897	1305	39	32	1.466606	9
2	1	404	0	0	0	4130	1292	65	32	-1	
3	1	404	1	0	0	4130	1292	65	32	-1	
4	1	404	1	1	0	4130	1292	65	32	-1	
5	1	404	1	1	1	4130	1292	65	32	0.000000	QZ
2	1	405	0	0	0	4411	1292	85	40	-1	
3	1	405	1	0	0	4411	1292	85	40	-1	
4	1	405	1	1	0	4411	1292	85	40	-1	
5	1	405	1	1	1	4411	1292	85	40	39.930847	Lf
2	1	406	0	0	0	5222	1296	102	51	-1	
3	1	406	1	0	0	5222	1296	102	51	-1	
4	1	406	1	1	0	5222	1296	102	51	-1	
5	1	406	1	1	1	5222	1316	7	27	80.948685	4
5	1	406	1	1	2	5233	1296	91	51	92.405205	Polockas
2	1	407	0	0	0	648	1344	22	13	-1	
3	1	407	1	0	0	648	1344	22	13	-1	
4	1	407	1	1	0	648	1344	22	13	-1	
5	1	407	1	1	1	648	1344	22	13	8.157692	Bier
2	1	408	0	0	0	3507	1341	64	19	-1	
3	1	408	1	0	0	3507	1341	64	19	-1	
4	1	408	1	1	0	3507	1341	64	19	-1	
5	1	408	1	1	1	3507	1341	64	19	34.556938	‘olstetn
2	1	409	0	0	0	3670	1318	31	38	-1	
3	1	409	1	0	0	3670	1318	31	38	-1	
4	1	409	1	1	0	3670	1318	31	38	-1	
5	1	409	1	1	1	3670	1318	31	38	14.795151	@)
2	1	410	0	0	0	3892	1341	20	19	-1	
3	1	410	1	0	0	3892	1341	20	19	-1	
4	1	410	1	1	0	3892	1341	20	19	-1	
5	1	410	1	1	1	3892	1341	20	19	26.496368	ma
2	1	411	0	0	0	4066	1342	41	11	-1	
3	1	411	1	0	0	4066	1342	41	11	-1	
4	1	411	1	1	0	4066	1342	41	11	-1	
5	1	411	1	1	1	4066	1342	41	11	49.732956	ig
2	1	412	0	0	0	4491	1336	120	25	-1	
3	1	412	1	0	0	4491	1336	120	25	-1	
4	1	412	1	1	0	4491	1336	120	25	-1	
5	1	412	1	1	1	4491	1336	120	25	60.724335	K6nigsberg
2	1	413	0	0	0	4894	1327	146	32	-1	
3	1	413	1	0	0	4894	1327	146	32	-1	
4	1	413	1	1	0	4894	1327	146	32	-1	
5	1	413	1	1	1	4894	1327	146	32	10.567017	JITHUANIA
2	1	414	0	0	0	558	1352	147	28	-1	
3	1	414	1	0	0	558	1352	147	28	-1	
4	1	414	1	1	0	558	1352	147	28	-1	
5	1	414	1	1	1	554	1348	11	42	8.858559	PB
5	1	414	1	1	2	569	1352	58	28	0.000000	Souhectt
5	1	414	1	1	3	645	1367	17	13	32.556847	To
5	1	414	1	1	4	667	1368	38	12	51.099098	North
2	1	415	0	0	0	940	1327	67	41	-1	
3	1	415	1	0	0	940	1327	67	41	-1	
4	1	415	1	1	0	940	1327	67	41	-1	
5	1	415	1	1	1	940	1327	67	41	38.288078	9)
2	1	416	0	0	0	980	1368	39	13	-1	
3	1	416	1	0	0	980	1368	39	13	-1	
4	1	416	1	1	0	980	1368	39	13	-1	
5	1	416	1	1	1	980	1368	4	8	0.231926	a
5	1	416	1	1	2	1006	1368	13	13	44.679016	A
2	1	417	0	0	0	1613	1375	31	15	-1	
3	1	417	1	0	0	1613	1375	31	15	-1	
4	1	417	1	1	0	1613	1375	31	15	-1	
5	1	417	1	1	1	1613	1375	31	15	28.177628	bee
2	1	418	0	0	0	1613	1351	45	22	-1	
3	1	418	1	0	0	1613	1351	45	22	-1	
4	1	418	1	1	0	1613	1351	45	22	-1	
5	1	418	1	1	1	1613	1351	45	22	74.490128	TRE!
2	1	419	0	0	0	1786	1357	42	19	-1	
3	1	419	1	0	0	1786	1357	42	19	-1	
4	1	419	1	1	0	1786	1357	42	19	-1	
5	1	419	1	1	1	1786	1357	42	19	96.366783	Pale
2	1	420	0	0	0	2203	1352	51	18	-1	
3	1	420	1	0	0	2203	1352	51	18	-1	
4	1	420	1	1	0	2203	1352	51	18	-1	
5	1	420	1	1	1	2203	1352	51	18	34.353806	cashi'
2	1	421	0	0	0	3865	1366	51	12	-1	
3	1	421	1	0	0	3865	1366	51	12	-1	
4	1	421	1	1	0	3865	1366	51	12	-1	
5	1	421	1	1	1	3865	1366	51	12	46.629440	alsun
2	1	422	0	0	0	3920	1352	80	31	-1	
3	1	422	1	0	0	3920	1339	80	44	-1	
4	1	422	1	1	0	3920	1352	80	31	-1	
5	1	422	1	1	1	3920	1339	28	36	8.160362	1D
2	1	423	0	0	0	5676	1365	25	16	-1	
3	1	423	1	0	0	5676	1365	25	16	-1	
4	1	423	1	1	0	5676	1365	25	16	-1	
5	1	423	1	1	1	5676	1365	25	16	47.186928	aN
2	1	424	0	0	0	5838	1353	81	19	-1	
3	1	424	1	0	0	5838	1353	81	19	-1	
4	1	424	1	1	0	5838	1353	81	19	-1	
5	1	424	1	1	1	5838	1353	81	19	88.061394	Moskva
2	1	425	0	0	0	6553	1357	102	24	-1	
3	1	425	1	0	0	6553	1357	102	24	-1	
4	1	425	1	1	0	6553	1357	102	24	-1	
5	1	425	1	1	1	6549	1353	67	32	96.046066	Kazan
5	1	425	1	1	2	6626	1353	29	32	44.684734	3%
2	1	426	0	0	0	130	1400	33	6	-1	
3	1	426	1	0	0	130	1400	33	6	-1	
4	1	426	1	1	0	130	1400	33	6	-1	
5	1	426	1	1	1	130	1400	33	6	28.424019	SS
2	1	427	0	0	0	546	1386	70	16	-1	
3	1	427	1	0	0	546	1386	70	16	-1	
4	1	427	1	1	0	546	1386	70	16	-1	
5	1	427	1	1	1	546	1399	9	3	70.217697	©
5	1	427	1	1	2	561	1386	55	12	93.072060	Morocco
2	1	428	0	0	0	655	1386	40	12	-1	
3	1	428	1	0	0	655	1386	40	12	-1	
4	1	428	1	1	0	655	1386	40	12	-1	
5	1	428	1	1	1	655	1386	40	12	96.480133	Sahara
2	1	429	0	0	0	3450	1377	48	34	-1	
3	1	429	1	0	0	3450	1377	48	34	-1	
4	1	429	1	1	0	3450	1377	48	34	-1	
5	1	429	1	1	1	3450	1377	48	34	50.796875	X@
2	1	430	0	0	0	3721	1384	117	26	-1	
3	1	430	1	0	0	3721	1384	117	26	-1	
4	1	430	1	1	0	3721	1384	117	26	-1	
5	1	430	1	1	1	3721	1384	117	26	0.000000	lecklenburg:
2	1	431	0	0	0	3983	1355	13	41	-1	
3	1	431	1	0	0	3983	1355	13	41	-1	
4	1	431	1	1	0	3983	1355	13	41	-1	
5	1	431	1	1	1	3983	1355	13	41	8.604652	UY
2	1	432	0	0	0	4144	1366	108	41	-1	
3	1	432	1	0	0	4144	1366	108	41	-1	
4	1	432	1	1	0	4144	1366	108	41	-1	
5	1	432	1	1	1	4144	1366	78	41	0.000000	Késlin:
5	1	432	1	1	2	4243	1384	9	23	23.963074	f
2	1	433	0	0	0	4301	1381	75	24	-1	
3	1	433	1	0	0	4301	1381	75	24	-1	
4	1	433	1	1	0	4301	1381	75	24	-1	
5	1	433	1	1	1	4301	1381	75	24	95.553757	Danzig
2	1	434	0	0	0	4579	1385	73	22	-1	
3	1	434	1	0	0	4579	1385	73	22	-1	
4	1	434	1	1	0	4579	1385	73	22	-1	
5	1	434	1	1	1	4579	1385	73	22	47.770630	USSIA
2	1	435	0	0	0	6281	1389	79	18	-1	
3	1	435	1	0	0	6281	1389	79	18	-1	
4	1	435	1	1	0	6281	1389	79	18	-1	
5	1	435	1	1	1	6281	1389	79	18	92.118820	Murom
2	1	436	0	0	0	629	1426	6	6	-1	
3	1	436	1	0	0	629	1426	6	6	-1	
4	1	436	1	1	0	629	1426	6	6	-1	
5	1	436	1	1	1	629	1426	6	6	73.219849	A
2	1	437	0	0	0	935	1399	49	16	-1	
3	1	437	1	0	0	935	1399	49	16	-1	
4	1	437	1	1	0	935	1399	49	16	-1	
5	1	437	1	1	1	931	1388	11	33	82.938293	fo
5	1	437	1	1	2	948	1399	36	16	84.414177	Egypt
2	1	438	0	0	0	1762	1425	28	6	-1	
3	1	438	1	0	0	1762	1425	28	6	-1	
4	1	438	1	1	0	1762	1425	28	6	-1	
5	1	438	1	1	1	1762	1425	28	6	10.480484	Paw
2	1	439	0	0	0	3113	1383	52	46	-1	
3	1	439	1	0	0	3113	1383	52	46	-1	
4	1	439	1	1	0	3113	1383	52	46	-1	
5	1	439	1	1	1	3113	1383	52	46	0.512703	(—)
2	1	440	0	0	0	3989	1379	43	41	-1	
3	1	440	1	0	0	3989	1379	43	41	-1	
4	1	440	1	1	0	3989	1379	43	41	-1	
5	1	440	1	1	1	3989	1379	43	41	70.867668	©
2	1	441	0	0	0	4031	1388	5	28	-1	
3	1	441	1	0	0	4031	1388	5	28	-1	
4	1	441	1	1	0	4031	1388	5	28	-1	
5	1	441	1	1	1	4031	1388	5	28	81.174660	)
2	1	442	0	0	0	4429	1359	49	62	-1	
3	1	442	1	0	0	4429	1359	49	62	-1	
4	1	442	1	1	0	4429	1359	49	62	-1	
5	1	442	1	1	1	4429	1359	49	62	40.688690	©
2	1	443	0	0	0	6103	1397	69	19	-1	
3	1	443	1	0	0	6103	1397	69	19	-1	
4	1	443	1	1	0	6103	1397	69	19	-1	
5	1	443	1	1	1	6103	1397	69	19	0.000000	ladimir
2	1	444	0	0	0	6436	1411	25	19	-1	
3	1	444	1	0	0	6436	1411	25	19	-1	
4	1	444	1	1	0	6436	1411	25	19	-1	
5	1	444	1	1	1	6436	1411	25	19	45.389942	<3
2	1	445	0	0	0	566	1433	14	18	-1	
3	1	445	1	0	0	566	1433	14	18	-1	
4	1	445	1	1	0	566	1433	14	18	-1	
5	1	445	1	1	1	566	1433	14	18	75.862206	|
2	1	446	0	0	0	2128	1432	7	24	-1	
3	1	446	1	0	0	2128	1432	7	24	-1	
4	1	446	1	1	0	2128	1432	7	24	-1	
5	1	446	1	1	1	2128	1432	7	24	70.456497	if
2	1	447	0	0	0	3632	1402	49	41	-1	
3	1	447	1	0	0	3632	1402	49	41	-1	
4	1	447	1	1	0	3632	1402	49	41	-1	
5	1	447	1	1	1	3632	1402	49	41	65.877892	iibed
2	1	448	0	0	0	3836	1409	133	43	-1	
3	1	448	1	0	0	3836	1409	133	43	-1	
4	1	448	1	1	0	3836	1409	133	43	-1	
5	1	448	1	1	1	3836	1409	104	43	63.644032	OMERAN
5	1	448	1	1	2	3946	1409	23	43	50.044064	TY
2	1	449	0	0	0	4408	1427	94	19	-1	
3	1	449	1	0	0	4408	1427	94	19	-1	
4	1	449	1	1	0	4408	1427	94	19	-1	
5	1	449	1	1	1	4408	1427	94	19	92.011589	Osterode
2	1	450	0	0	0	4786	1440	20	13	-1	
3	1	450	1	0	0	4786	1440	20	13	-1	
4	1	450	1	1	0	4786	1440	20	13	-1	
5	1	450	1	1	1	4786	1440	20	13	36.876175	eis
2	1	451	0	0	0	4906	1429	18	8	-1	
3	1	451	1	0	0	4906	1429	18	8	-1	
4	1	451	1	1	0	4906	1429	18	8	-1	
5	1	451	1	1	1	4906	1429	18	8	35.087402	TS
2	1	452	0	0	0	5925	1426	22	19	-1	
3	1	452	1	0	0	5925	1426	22	19	-1	
4	1	452	1	1	0	5925	1426	22	19	-1	
5	1	452	1	1	1	5925	1426	22	19	53.404625	WW
2	1	453	0	0	0	6345	1450	15	9	-1	
3	1	453	1	0	0	6345	1450	15	9	-1	
4	1	453	1	1	0	6345	1450	15	9	-1	
5	1	453	1	1	1	6345	1450	15	9	29.580322	ni
2	1	454	0	0	0	738	1441	129	24	-1	
3	1	454	1	0	0	738	1441	129	24	-1	
4	1	454	1	1	0	738	1441	129	24	-1	
5	1	454	1	1	1	738	1441	129	24	95.937454	AFRICA
2	1	455	0	0	0	1141	1408	47	67	-1	
3	1	455	1	0	0	1141	1408	47	67	-1	
4	1	455	1	1	0	1141	1408	47	67	-1	
5	1	455	1	1	1	1141	1408	47	67	2.632080	‘
2	1	456	0	0	0	2358	1460	26	20	-1	
3	1	456	1	0	0	2358	1460	26	20	-1	
4	1	456	1	1	0	2358	1460	26	20	-1	
5	1	456	1	1	1	2358	1460	26	20	42.778114	Ep
2	1	457	0	0	0	2740	1441	83	33	-1	
3	1	457	1	0	0	2727	1430	96	44	-1	
4	1	457	1	1	0	2740	1441	83	33	-1	
5	1	457	1	1	1	2740	1441	83	33	96.266838	English
2	1	458	0	0	0	2977	1436	58	32	-1	
3	1	458	1	0	0	2977	1436	58	32	-1	
4	1	458	1	1	0	2977	1436	58	32	-1	
5	1	458	1	1	1	2977	1436	58	32	46.842026	mn
2	1	459	0	0	0	3039	1444	181	29	-1	
3	1	459	1	0	0	3039	1444	181	29	-1	
4	1	459	1	1	0	3039	1444	181	29	-1	
5	1	459	1	1	1	3039	1451	147	22	19.245941	Friesland
5	1	459	1	1	2	3192	1444	28	28	32.040894	%
2	1	460	0	0	0	3970	1437	79	27	-1	
3	1	460	1	0	0	3970	1437	79	27	-1	
4	1	460	1	1	0	3970	1437	79	27	-1	
5	1	460	1	1	1	3970	1437	79	27	12.312302	Stettin
2	1	461	0	0	0	5880	1441	59	31	-1	
3	1	461	1	0	0	5880	1441	59	31	-1	
4	1	461	1	1	0	5880	1441	59	31	-1	
5	1	461	1	1	1	5880	1441	59	31	29.085152	\ZANy
2	1	462	0	0	0	6477	1463	28	10	-1	
3	1	462	1	0	0	6477	1463	28	10	-1	
4	1	462	1	1	0	6477	1463	28	10	-1	
5	1	462	1	1	1	6477	1463	28	10	41.997738	oe
2	1	463	0	0	0	6600	1444	65	18	-1	
3	1	463	1	0	0	6600	1444	65	18	-1	
4	1	463	1	1	0	6600	1444	65	18	-1	
5	1	463	1	1	1	6600	1444	65	18	96.254585	Kazan
2	1	464	0	0	0	140	1464	15	32	-1	
3	1	464	1	0	0	140	1464	15	32	-1	
4	1	464	1	1	0	140	1464	15	32	-1	
5	1	464	1	1	1	140	1464	15	32	51.000908	¢
2	1	465	0	0	0	157	1475	42	27	-1	
3	1	465	1	0	0	157	1475	42	27	-1	
4	1	465	1	1	0	157	1475	42	27	-1	
5	1	465	1	1	1	157	1475	42	27	96.636475	20
2	1	466	0	0	0	201	1464	17	33	-1	
3	1	466	1	0	0	201	1464	17	33	-1	
4	1	466	1	1	0	201	1464	17	33	-1	
5	1	466	1	1	1	201	1464	17	33	67.477776	\
2	1	467	0	0	0	1586	1489	35	9	-1	
3	1	467	1	0	0	1586	1489	35	9	-1	
4	1	467	1	1	0	1586	1489	35	9	-1	
5	1	467	1	1	1	1586	1489	35	9	36.457859	he
2	1	468	0	0	0	1740	1470	47	20	-1	
3	1	468	1	0	0	1740	1470	47	20	-1	
4	1	468	1	1	0	1740	1470	47	20	-1	
5	1	468	1	1	1	1740	1470	47	20	13.703674	oF
2	1	469	0	0	0	1796	1453	34	31	-1	
3	1	469	1	0	0	1796	1453	34	31	-1	
4	1	469	1	1	0	1796	1453	34	31	-1	
5	1	469	1	1	1	1796	1453	34	31	0.000000	@
2	1	470	0	0	0	2386	1467	37	19	-1	
3	1	470	1	0	0	2386	1467	37	19	-1	
4	1	470	1	1	0	2386	1467	37	19	-1	
5	1	470	1	1	1	2386	1467	37	19	40.142666	‘ST
2	1	471	0	0	0	2413	1471	98	25	-1	
3	1	471	1	0	0	2413	1471	98	25	-1	
4	1	471	1	1	0	2413	1471	98	25	-1	
5	1	471	1	1	1	2413	1471	98	25	20.895851	EANGLI
2	1	472	0	0	0	2739	1470	89	19	-1	
3	1	472	1	0	0	2739	1470	89	19	-1	
4	1	472	1	1	0	2739	1470	89	19	-1	
5	1	472	1	1	1	2739	1470	89	19	96.528946	Channel
2	1	473	0	0	0	3326	1405	86	90	-1	
3	1	473	1	0	0	3326	1405	86	90	-1	
4	1	473	1	1	0	3326	1405	86	90	-1	
5	1	473	1	1	1	3326	1405	86	90	13.143433	es
2	1	474	0	0	0	3465	1471	102	24	-1	
3	1	474	1	0	0	3465	1471	102	24	-1	
4	1	474	1	1	0	3465	1471	102	24	-1	
5	1	474	1	1	1	3465	1471	102	24	94.951172	Hamburg
2	1	475	0	0	0	4577	1438	52	54	-1	
3	1	475	1	0	0	4577	1438	52	54	-1	
4	1	475	1	1	0	4577	1438	52	54	-1	
5	1	475	1	1	1	4577	1438	52	54	0.000000	t
2	1	476	0	0	0	6438	1480	26	20	-1	
3	1	476	1	0	0	6438	1480	26	20	-1	
4	1	476	1	1	0	6438	1480	26	20	-1	
5	1	476	1	1	1	6438	1480	26	20	15.737221	ee
2	1	477	0	0	0	992	1471	55	48	-1	
3	1	477	1	0	0	992	1471	55	48	-1	
4	1	477	1	1	0	992	1471	55	48	-1	
5	1	477	1	1	1	992	1471	55	48	26.592110	oO)
2	1	478	0	0	0	1753	1499	65	18	-1	
3	1	478	1	0	0	1753	1499	65	18	-1	
4	1	478	1	1	0	1753	1499	65	18	-1	
5	1	478	1	1	1	1753	1499	65	18	91.491234	aighin
2	1	479	0	0	0	2115	1464	230	64	-1	
3	1	479	1	0	0	2115	1464	230	64	-1	
4	1	479	1	1	0	2115	1464	230	64	-1	
5	1	479	1	1	1	2115	1486	26	13	26.389908	#22
5	1	479	1	1	2	2171	1486	122	25	95.678459	Shrewsbury
5	1	479	1	1	3	2305	1464	40	64	60.529594	)
2	1	480	0	0	0	3346	1504	81	18	-1	
3	1	480	1	0	0	3346	1504	81	18	-1	
4	1	480	1	1	0	3346	1504	81	18	-1	
5	1	480	1	1	1	3346	1504	81	18	95.769264	Bremen
2	1	481	0	0	0	3721	1490	12	34	-1	
3	1	481	1	0	0	3721	1490	12	34	-1	
4	1	481	1	1	0	3721	1490	12	34	-1	
5	1	481	1	1	1	3721	1490	12	34	53.031254	y
2	1	482	0	0	0	4878	1506	75	19	-1	
3	1	482	1	0	0	4878	1506	75	19	-1	
4	1	482	1	1	0	4878	1506	75	19	-1	
5	1	482	1	1	1	4878	1506	75	19	95.355164	Vilnius
2	1	483	0	0	0	5172	1482	43	39	-1	
3	1	483	1	0	0	5172	1482	43	39	-1	
4	1	483	1	1	0	5172	1482	43	39	-1	
5	1	483	1	1	1	5172	1482	43	39	18.945312	©
2	1	484	0	0	0	5449	1496	121	19	-1	
3	1	484	1	0	0	5449	1496	121	19	-1	
4	1	484	1	1	0	5449	1496	121	19	-1	
5	1	484	1	1	1	5449	1496	121	19	92.257751	Smolenskas
2	1	485	0	0	0	271	1464	83	68	-1	
3	1	485	1	0	0	271	1464	83	68	-1	
4	1	485	1	1	0	271	1464	83	68	-1	
5	1	485	1	1	1	271	1464	83	68	59.585358	Gy
2	1	486	0	0	0	2347	1525	41	22	-1	
3	1	486	1	0	0	2347	1525	41	22	-1	
4	1	486	1	1	0	2347	1525	41	22	-1	
5	1	486	1	1	1	2347	1525	41	22	2.151108	ee
2	1	487	0	0	0	2918	1494	43	45	-1	
3	1	487	1	0	0	2918	1494	43	45	-1	
4	1	487	1	1	0	2918	1494	43	45	-1	
5	1	487	1	1	1	2918	1494	43	45	59.067459	g
2	1	488	0	0	0	3481	1508	156	28	-1	
3	1	488	1	0	0	3481	1508	156	28	-1	
4	1	488	1	1	0	3481	1508	156	28	-1	
5	1	488	1	1	1	3477	1504	52	41	95.737396	WER
5	1	488	1	1	2	3541	1504	96	41	89.983246	SAXONY
2	1	489	0	0	0	6604	1491	62	56	-1	
3	1	489	1	0	0	6604	1491	62	56	-1	
4	1	489	1	1	0	6604	1491	62	56	-1	
5	1	489	1	1	1	6604	1491	62	56	56.267872	ae
2	1	490	0	0	0	516	1537	107	19	-1	
3	1	490	1	0	0	516	1537	107	19	-1	
4	1	490	1	1	0	516	1537	107	19	-1	
5	1	490	1	1	1	516	1537	107	19	44.251038	Timbuktu
2	1	491	0	0	0	1573	1549	27	11	-1	
3	1	491	1	0	0	1573	1549	27	11	-1	
4	1	491	1	1	0	1573	1549	27	11	-1	
5	1	491	1	1	1	1573	1549	27	11	85.884888	Mh
2	1	492	0	0	0	1641	1541	45	19	-1	
3	1	492	1	0	0	1641	1541	45	19	-1	
4	1	492	1	1	0	1641	1541	45	19	-1	
5	1	492	1	1	1	1641	1541	45	19	87.839218	hain
2	1	493	0	0	0	2029	1550	119	20	-1	
3	1	493	1	0	0	2029	1550	119	20	-1	
4	1	493	1	1	0	2029	1550	119	20	-1	
5	1	493	1	1	1	2029	1550	61	20	0.000000	Wales>
5	1	493	1	1	2	2113	1546	6	33	0.000000	=
5	1	493	1	1	3	2127	1551	21	11	39.793144	=
2	1	494	0	0	0	2234	1526	59	30	-1	
3	1	494	1	0	0	2234	1526	59	30	-1	
4	1	494	1	1	0	2234	1526	59	30	-1	
5	1	494	1	1	1	2234	1526	59	30	0.000000	go
2	1	495	0	0	0	2756	1507	63	57	-1	
3	1	495	1	0	0	2756	1507	63	57	-1	
4	1	495	1	1	0	2756	1507	63	57	-1	
5	1	495	1	1	1	2756	1507	63	57	69.843216	ae
2	1	496	0	0	0	3128	1510	55	54	-1	
3	1	496	1	0	0	3128	1510	55	54	-1	
4	1	496	1	1	0	3128	1510	55	54	-1	
5	1	496	1	1	1	3128	1510	55	54	9.225159	=
2	1	497	0	0	0	3518	1535	20	19	-1	
3	1	497	1	0	0	3518	1535	20	19	-1	
4	1	497	1	1	0	3518	1535	20	19	-1	
5	1	497	1	1	1	3518	1535	20	19	41.423283	a
2	1	498	0	0	0	3627	1538	17	20	-1	
3	1	498	1	0	0	3627	1538	17	20	-1	
4	1	498	1	1	0	3627	1538	17	20	-1	
5	1	498	1	1	1	3627	1538	17	20	0.000000	&
2	1	499	0	0	0	3688	1546	49	13	-1	
3	1	499	1	0	0	3688	1546	49	13	-1	
4	1	499	1	1	0	3688	1546	49	13	-1	
5	1	499	1	1	1	3688	1546	49	13	4.958611	toiarl
2	1	500	0	0	0	3742	1540	10	15	-1	
3	1	500	1	0	0	3742	1540	10	15	-1	
4	1	500	1	1	0	3742	1540	10	15	-1	
5	1	500	1	1	1	3742	1540	10	15	66.869690	k
2	1	501	0	0	0	3959	1502	179	69	-1	
3	1	501	1	0	0	3959	1502	179	69	-1	
4	1	501	1	1	0	3959	1502	179	69	-1	
5	1	501	1	1	1	3959	1502	61	69	30.720184	(iy
5	1	501	1	1	2	4048	1544	90	16	37.603817	Neumar!
2	1	502	0	0	0	4259	1518	111	51	-1	
3	1	502	1	0	0	4259	1518	111	51	-1	
4	1	502	1	1	0	4259	1518	111	51	-1	
5	1	502	1	1	1	4255	1514	19	75	22.401917	\
5	1	502	1	1	2	4312	1550	58	19	30.978416	ed
2	1	503	0	0	0	5148	1547	87	19	-1	
3	1	503	1	0	0	5148	1547	87	19	-1	
4	1	503	1	1	0	5148	1547	87	19	-1	
5	1	503	1	1	1	5148	1547	87	19	91.860718	Minskas
2	1	504	0	0	0	5352	1534	40	27	-1	
3	1	504	1	0	0	5352	1534	40	27	-1	
4	1	504	1	1	0	5352	1534	40	27	-1	
5	1	504	1	1	1	5352	1534	40	27	67.360611	Wa
2	1	505	0	0	0	6022	1541	74	23	-1	
3	1	505	1	0	0	6022	1541	74	23	-1	
4	1	505	1	1	0	6022	1541	74	23	-1	
5	1	505	1	1	1	6022	1541	74	23	96.672531	Ryazan
2	1	506	0	0	0	475	1567	41	11	-1	
3	1	506	1	0	0	475	1567	41	11	-1	
4	1	506	1	1	0	475	1567	41	11	-1	
5	1	506	1	1	1	475	1567	41	11	0.000000	—Pta
2	1	507	0	0	0	890	1524	133	64	-1	
3	1	507	1	0	0	890	1524	133	64	-1	
4	1	507	1	1	0	890	1524	133	64	-1	
5	1	507	1	1	1	890	1535	68	34	96.439148	Upper
5	1	507	1	1	2	962	1524	61	64	39.508327	Exypt
2	1	508	0	0	0	2503	1579	16	18	-1	
3	1	508	1	0	0	2503	1579	16	18	-1	
4	1	508	1	1	0	2503	1579	16	18	-1	
5	1	508	1	1	1	2503	1579	16	18	23.800934	Ss
2	1	509	0	0	0	2905	1568	147	29	-1	
3	1	509	1	0	0	2905	1568	147	29	-1	
4	1	509	1	1	0	2905	1568	147	29	-1	
5	1	509	1	1	1	2905	1568	147	29	33.832436	ae.
2	1	510	0	0	0	3825	1546	14	31	-1	
3	1	510	1	0	0	3825	1546	14	31	-1	
4	1	510	1	1	0	3825	1546	14	31	-1	
5	1	510	1	1	1	3825	1546	14	31	0.000000	)
2	1	511	0	0	0	3872	1525	90	61	-1	
3	1	511	1	0	0	3872	1525	90	61	-1	
4	1	511	1	1	0	3872	1525	90	61	-1	
5	1	511	1	1	1	3872	1525	90	61	21.800079	la
2	1	512	0	0	0	5325	1558	69	25	-1	
3	1	512	1	0	0	5325	1558	69	25	-1	
4	1	512	1	1	0	5325	1558	69	25	-1	
5	1	512	1	1	1	5325	1558	69	25	95.688133	RUTH
2	1	513	0	0	0	6603	1562	61	24	-1	
3	1	513	1	0	0	6603	1562	61	24	-1	
4	1	513	1	1	0	6603	1562	61	24	-1	
5	1	513	1	1	1	6603	1562	61	24	39.263367	aE
2	1	514	0	0	0	1176	1599	10	6	-1	
3	1	514	1	0	0	1176	1599	10	6	-1	
4	1	514	1	1	0	1176	1599	10	6	-1	
5	1	514	1	1	1	1176	1599	10	6	33.828064	Zz
2	1	515	0	0	0	2050	1592	74	19	-1	
3	1	515	1	0	0	2050	1592	74	19	-1	
4	1	515	1	1	0	2050	1592	74	19	-1	
5	1	515	1	1	1	2050	1592	74	19	24.095169	BN
2	1	516	0	0	0	2333	1587	74	19	-1	
3	1	516	1	0	0	2333	1587	74	19	-1	
4	1	516	1	1	0	2333	1587	74	19	-1	
5	1	516	1	1	1	2333	1587	74	19	96.645294	Oxford
2	1	517	0	0	0	2990	1596	46	19	-1	
3	1	517	1	0	0	2990	1596	46	19	-1	
4	1	517	1	1	0	2990	1596	46	19	-1	
5	1	517	1	1	1	2990	1596	46	19	44.480835	Se
2	1	518	0	0	0	3311	1589	39	22	-1	
3	1	518	1	0	0	3311	1589	39	22	-1	
4	1	518	1	1	0	3311	1589	39	22	-1	
5	1	518	1	1	1	3311	1589	39	22	31.809227	aS
2	1	519	0	0	0	3459	1546	56	73	-1	
3	1	519	1	0	0	3459	1546	56	73	-1	
4	1	519	1	1	0	3459	1546	56	73	-1	
5	1	519	1	1	1	3459	1546	56	73	85.581535	6
2	1	520	0	0	0	3516	1552	31	48	-1	
3	1	520	1	0	0	3516	1552	31	48	-1	
4	1	520	1	1	0	3516	1552	31	48	-1	
5	1	520	1	1	1	3516	1552	31	48	53.190208	Lf
2	1	521	0	0	0	3997	1564	106	51	-1	
3	1	521	1	0	0	3997	1564	106	51	-1	
4	1	521	1	1	0	3997	1564	106	51	-1	
5	1	521	1	1	1	3997	1564	68	35	92.611053	BURG
5	1	521	1	1	2	4076	1575	27	40	45.947834	‘of,
2	1	522	0	0	0	5651	1585	34	26	-1	
3	1	522	1	0	0	5651	1585	34	26	-1	
4	1	522	1	1	0	5651	1585	34	26	-1	
5	1	522	1	1	1	5651	1585	34	26	22.701096	ot
2	1	523	0	0	0	631	1607	84	26	-1	
3	1	523	1	0	0	631	1607	84	26	-1	
4	1	523	1	1	0	631	1607	84	26	-1	
5	1	523	1	1	1	631	1607	84	26	96.810120	Songhai
2	1	524	0	0	0	754	1572	51	51	-1	
3	1	524	1	0	0	754	1572	51	51	-1	
4	1	524	1	1	0	754	1572	51	51	-1	
5	1	524	1	1	1	754	1572	51	51	49.593239	TJ
2	1	525	0	0	0	1078	1585	47	53	-1	
3	1	525	1	0	0	1078	1585	47	53	-1	
4	1	525	1	1	0	1078	1585	47	53	-1	
5	1	525	1	1	1	1078	1585	47	53	54.528755	©
2	1	526	0	0	0	1119	1600	35	34	-1	
3	1	526	1	0	0	1119	1600	35	34	-1	
4	1	526	1	1	0	1119	1600	35	34	-1	
5	1	526	1	1	1	1119	1600	35	34	43.518681	"9
2	1	527	0	0	0	2128	1603	50	25	-1	
3	1	527	1	0	0	2128	1603	50	25	-1	
4	1	527	1	1	0	2128	1603	50	25	-1	
5	1	527	1	1	1	2128	1603	50	25	39.011189	ge
2	1	528	0	0	0	2445	1592	60	33	-1	
3	1	528	1	0	0	2445	1592	60	33	-1	
4	1	528	1	1	0	2445	1592	60	33	-1	
5	1	528	1	1	1	2445	1592	60	33	56.409077	Ae
2	1	529	0	0	0	2480	1632	21	8	-1	
3	1	529	1	0	0	2480	1632	21	8	-1	
4	1	529	1	1	0	2480	1632	21	8	-1	
5	1	529	1	1	1	2480	1632	21	8	50.467182	+t
2	1	530	0	0	0	2578	1610	50	12	-1	
3	1	530	1	0	0	2578	1610	50	12	-1	
4	1	530	1	1	0	2578	1610	50	12	-1	
5	1	530	1	1	1	2578	1610	50	12	85.305054	Essex
2	1	531	0	0	0	3101	1576	83	46	-1	
3	1	531	1	0	0	3101	1576	83	46	-1	
4	1	531	1	1	0	3101	1576	83	46	-1	
5	1	531	1	1	1	3101	1576	83	46	21.683380	Gols
2	1	532	0	0	0	3888	1578	107	44	-1	
3	1	532	1	0	0	3888	1578	107	44	-1	
4	1	532	1	1	0	3888	1578	107	44	-1	
5	1	532	1	1	1	3888	1578	107	44	0.000000	GaNDEN
2	1	533	0	0	0	4536	1625	22	15	-1	
3	1	533	1	0	0	4536	1625	22	15	-1	
4	1	533	1	1	0	4536	1625	22	15	-1	
5	1	533	1	1	1	4536	1625	22	15	63.921093	ey
2	1	534	0	0	0	4623	1606	16	17	-1	
3	1	534	1	0	0	4623	1606	16	17	-1	
4	1	534	1	1	0	4623	1606	16	17	-1	
5	1	534	1	1	1	4623	1606	16	17	34.609062	Si
2	1	535	0	0	0	5250	1619	16	10	-1	
3	1	535	1	0	0	5250	1619	16	10	-1	
4	1	535	1	1	0	5250	1619	16	10	-1	
5	1	535	1	1	1	5250	1619	16	10	20.294258	Eh
2	1	536	0	0	0	5805	1572	93	74	-1	
3	1	536	1	0	0	5805	1572	93	74	-1	
4	1	536	1	1	0	5805	1572	93	74	-1	
5	1	536	1	1	1	5805	1603	3	2	58.309944	3
5	1	536	1	1	2	5818	1572	80	74	46.222717	Odorey
2	1	537	0	0	0	270	1581	84	81	-1	
3	1	537	1	0	0	270	1581	84	81	-1	
4	1	537	1	1	0	270	1581	84	81	-1	
5	1	537	1	1	1	270	1581	84	81	3.853546	ee
2	1	538	0	0	0	455	1575	102	91	-1	
3	1	538	1	0	0	455	1575	102	91	-1	
4	1	538	1	1	0	455	1575	102	91	-1	
5	1	538	1	1	1	455	1575	102	91	0.000000	in
2	1	539	0	0	0	556	1633	55	23	-1	
3	1	539	1	0	0	556	1633	55	23	-1	
4	1	539	1	1	0	556	1633	55	23	-1	
5	1	539	1	1	1	556	1633	55	23	14.298019	NG
2	1	540	0	0	0	1316	1643	13	10	-1	
3	1	540	1	0	0	1316	1643	13	10	-1	
4	1	540	1	1	0	1316	1643	13	10	-1	
5	1	540	1	1	1	1316	1643	13	10	81.363220	a
2	1	541	0	0	0	1745	1643	21	10	-1	
3	1	541	1	0	0	1745	1643	21	10	-1	
4	1	541	1	1	0	1745	1643	21	10	-1	
5	1	541	1	1	1	1745	1643	21	10	25.109627	307
2	1	542	0	0	0	2300	1643	25	10	-1	
3	1	542	1	0	0	2300	1643	25	10	-1	
4	1	542	1	1	0	2300	1643	25	10	-1	
5	1	542	1	1	1	2300	1643	25	10	20.795578	ee
2	1	543	0	0	0	3271	1614	76	43	-1	
3	1	543	1	0	0	3271	1614	76	43	-1	
4	1	543	1	1	0	3271	1614	76	43	-1	
5	1	543	1	1	1	3271	1614	76	43	28.155998	7”
2	1	544	0	0	0	3429	1619	109	38	-1	
3	1	544	1	0	0	3429	1619	109	38	-1	
4	1	544	1	1	0	3429	1619	109	38	-1	
5	1	544	1	1	1	3429	1623	8	16	59.428696	d
5	1	544	1	1	2	3452	1619	86	38	74.910156	annover
2	1	545	0	0	0	3655	1582	49	66	-1	
3	1	545	1	0	0	3655	1582	49	66	-1	
4	1	545	1	1	0	3655	1582	49	66	-1	
5	1	545	1	1	1	3655	1582	49	66	0.000000	-
2	1	546	0	0	0	4145	1615	45	41	-1	
3	1	546	1	0	0	4145	1615	45	41	-1	
4	1	546	1	1	0	4145	1615	45	41	-1	
5	1	546	1	1	1	4145	1615	45	41	34.722641	©
2	1	547	0	0	0	4684	1647	33	13	-1	
3	1	547	1	0	0	4684	1647	33	13	-1	
4	1	547	1	1	0	4684	1647	33	13	-1	
5	1	547	1	1	1	4684	1647	33	13	0.000000	@tho)
2	1	548	0	0	0	5177	1642	19	14	-1	
3	1	548	1	0	0	5177	1642	19	14	-1	
4	1	548	1	1	0	5177	1642	19	14	-1	
5	1	548	1	1	1	5177	1642	19	14	45.743252	pak
2	1	549	0	0	0	471	1670	48	19	-1	
3	1	549	1	0	0	471	1670	48	19	-1	
4	1	549	1	1	0	471	1670	48	19	-1	
5	1	549	1	1	1	471	1670	48	19	93.111275	Mali
2	1	550	0	0	0	3226	1647	10	25	-1	
3	1	550	1	0	0	3226	1647	10	25	-1	
4	1	550	1	1	0	3226	1647	10	25	-1	
5	1	550	1	1	1	3226	1647	10	25	0.000000	y)
2	1	551	0	0	0	3620	1650	121	26	-1	
3	1	551	1	0	0	3620	1650	121	26	-1	
4	1	551	1	1	0	3620	1650	121	26	-1	
5	1	551	1	1	1	3620	1650	121	26	96.042595	Magdeburg
2	1	552	0	0	0	4292	1640	42	43	-1	
3	1	552	1	0	0	4292	1640	42	43	-1	
4	1	552	1	1	0	4292	1640	42	43	-1	
5	1	552	1	1	1	4292	1640	42	43	20.111214	ity
2	1	553	0	0	0	4560	1619	70	63	-1	
3	1	553	1	0	0	4560	1619	70	63	-1	
4	1	553	1	1	0	4560	1619	70	63	-1	
5	1	553	1	1	1	4560	1619	70	63	16.931526	id)
2	1	554	0	0	0	6545	1640	45	44	-1	
3	1	554	1	0	0	6545	1640	45	44	-1	
4	1	554	1	1	0	6545	1640	45	44	-1	
5	1	554	1	1	1	6545	1640	45	44	74.831131	G
2	1	555	0	0	0	2129	1668	61	33	-1	
3	1	555	1	0	0	2129	1668	61	33	-1	
4	1	555	1	1	0	2129	1668	61	33	-1	
5	1	555	1	1	1	2129	1668	61	33	53.723557	CS
2	1	556	0	0	0	2432	1688	68	19	-1	
3	1	556	1	0	0	2432	1688	68	19	-1	
4	1	556	1	1	0	2432	1688	68	19	-1	
5	1	556	1	1	1	2432	1688	68	19	96.310539	Londo
2	1	557	0	0	0	3069	1672	44	19	-1	
3	1	557	1	0	0	3069	1672	44	19	-1	
4	1	557	1	1	0	3069	1672	44	19	-1	
5	1	557	1	1	1	3069	1672	44	19	85.008255	reda
2	1	558	0	0	0	4140	1688	62	12	-1	
3	1	558	1	0	0	4140	1688	62	12	-1	
4	1	558	1	1	0	4140	1688	62	12	-1	
5	1	558	1	1	1	4140	1688	62	12	51.800724	oznan
2	1	559	0	0	0	5947	1686	66	26	-1	
3	1	559	1	0	0	5947	1686	66	26	-1	
4	1	559	1	1	0	5947	1686	66	26	-1	
5	1	559	1	1	1	5947	1686	66	26	0.274109	rho
2	1	560	0	0	0	6659	1690	4	7	-1	
3	1	560	1	0	0	6659	1690	4	7	-1	
4	1	560	1	1	0	6659	1690	4	7	-1	
5	1	560	1	1	1	6659	1690	4	7	82.038567	y
2	1	561	0	0	0	556	1711	52	19	-1	
3	1	561	1	0	0	556	1711	52	19	-1	
4	1	561	1	1	0	556	1711	52	19	-1	
5	1	561	1	1	1	556	1711	52	19	95.755447	Gold
2	1	562	0	0	0	2129	1703	57	13	-1	
3	1	562	1	0	0	2129	1703	57	13	-1	
4	1	562	1	1	0	2129	1703	57	13	-1	
5	1	562	1	1	1	2125	1697	31	28	49.787678	BS
5	1	562	1	1	2	2164	1708	22	8	27.823395	ht
2	1	563	0	0	0	2976	1691	41	42	-1	
3	1	563	1	0	0	2976	1691	41	42	-1	
4	1	563	1	1	0	2976	1691	41	42	-1	
5	1	563	1	1	1	2976	1691	41	42	53.358288	ay
2	1	564	0	0	0	4280	1705	64	19	-1	
3	1	564	1	0	0	4280	1705	64	19	-1	
4	1	564	1	1	0	4280	1705	64	19	-1	
5	1	564	1	1	1	4280	1705	64	19	92.138809	Kalisz
2	1	565	0	0	0	4566	1721	80	12	-1	
3	1	565	1	0	0	4566	1721	80	12	-1	
4	1	565	1	1	0	4566	1721	80	12	-1	
5	1	565	1	1	1	4566	1721	80	12	30.821800	‘arszawa
2	1	566	0	0	0	6146	1711	84	19	-1	
3	1	566	1	0	0	6146	1704	84	26	-1	
4	1	566	1	1	0	6146	1711	84	19	-1	
5	1	566	1	1	1	6146	1704	84	26	90.453697	Tambov
2	1	567	0	0	0	552	1738	60	18	-1	
3	1	567	1	0	0	552	1738	60	18	-1	
4	1	567	1	1	0	552	1738	60	18	-1	
5	1	567	1	1	1	552	1738	60	18	96.792381	Coast
2	1	568	0	0	0	921	1716	57	32	-1	
3	1	568	1	0	0	921	1716	57	32	-1	
4	1	568	1	1	0	921	1716	57	32	-1	
5	1	568	1	1	1	921	1716	57	32	46.637337	ae
2	1	569	0	0	0	2879	1694	41	48	-1	
3	1	569	1	0	0	2879	1694	41	48	-1	
4	1	569	1	1	0	2879	1694	41	48	-1	
5	1	569	1	1	1	2879	1694	41	48	67.280304	Y
2	1	570	0	0	0	3495	1717	72	19	-1	
3	1	570	1	0	0	3495	1717	72	19	-1	
4	1	570	1	1	0	3495	1717	72	19	-1	
5	1	570	1	1	1	3495	1717	72	19	75.447701	aunschy
2	1	571	0	0	0	3725	1718	185	40	-1	
3	1	571	1	0	0	3725	1718	185	40	-1	
4	1	571	1	1	0	3725	1718	185	40	-1	
5	1	571	1	1	1	3725	1723	121	25	90.297546	Wittenberg
5	1	571	1	1	2	3850	1718	60	40	47.662994	as
2	1	572	0	0	0	4704	1730	16	19	-1	
3	1	572	1	0	0	4704	1730	16	19	-1	
4	1	572	1	1	0	4704	1730	16	19	-1	
5	1	572	1	1	1	4704	1730	16	19	27.535507	Ss
2	1	573	0	0	0	5011	1723	11	35	-1	
3	1	573	1	0	0	5011	1723	11	35	-1	
4	1	573	1	1	0	5011	1723	11	35	-1	
5	1	573	1	1	1	5011	1723	11	35	67.334061	(
2	1	574	0	0	0	5057	1736	12	20	-1	
3	1	574	1	0	0	5057	1736	12	20	-1	
4	1	574	1	1	0	5057	1736	12	20	-1	
5	1	574	1	1	1	5057	1736	12	20	28.398071	Me
2	1	575	0	0	0	5108	1731	23	23	-1	
3	1	575	1	0	0	5108	1731	23	23	-1	
4	1	575	1	1	0	5108	1731	23	23	-1	
5	1	575	1	1	1	5108	1731	23	23	0.000000	pe
2	1	576	0	0	0	5581	1727	19	9	-1	
3	1	576	1	0	0	5581	1727	19	9	-1	
4	1	576	1	1	0	5581	1727	19	9	-1	
5	1	576	1	1	1	5581	1727	19	9	22.953522	to
2	1	577	0	0	0	750	1742	68	33	-1	
3	1	577	1	0	0	750	1742	68	33	-1	
4	1	577	1	1	0	750	1742	68	33	-1	
5	1	577	1	1	1	750	1742	68	33	17.903435	oN
2	1	578	0	0	0	1043	1754	100	26	-1	
3	1	578	1	0	0	1043	1754	100	26	-1	
4	1	578	1	1	0	1043	1754	100	26	-1	
5	1	578	1	1	1	1043	1754	100	26	0.000000	Ajuuraan.
2	1	579	0	0	0	2144	1769	51	11	-1	
3	1	579	1	0	0	2144	1769	51	11	-1	
4	1	579	1	1	0	2144	1769	51	11	-1	
5	1	579	1	1	1	2144	1769	51	11	0.000000	essex.
2	1	580	0	0	0	2762	1746	75	24	-1	
3	1	580	1	0	0	2762	1746	75	24	-1	
4	1	580	1	1	0	2762	1746	75	24	-1	
5	1	580	1	1	1	2762	1746	75	24	96.111168	Brugge
2	1	581	0	0	0	2874	1755	183	24	-1	
3	1	581	1	0	0	2874	1755	183	24	-1	
4	1	581	1	1	0	2874	1755	183	24	-1	
5	1	581	1	1	1	2874	1758	51	18	96.318863	Gent
5	1	581	1	1	2	2942	1755	115	24	96.382347	Antwerpen
2	1	582	0	0	0	3182	1744	236	33	-1	
3	1	582	1	0	0	3182	1744	236	33	-1	
4	1	582	1	1	0	3182	1744	236	33	-1	
5	1	582	1	1	1	3182	1744	44	26	5.198425	@B
5	1	582	1	1	2	3258	1750	160	27	0.000000	\wrstPHALA
2	1	583	0	0	0	3752	1751	65	17	-1	
3	1	583	1	0	0	3752	1751	65	17	-1	
4	1	583	1	1	0	3752	1751	65	17	-1	
5	1	583	1	1	1	3752	1751	65	17	33.941711	aga
2	1	584	0	0	0	3855	1737	44	22	-1	
3	1	584	1	0	0	3855	1737	44	22	-1	
4	1	584	1	1	0	3855	1737	44	22	-1	
5	1	584	1	1	1	3855	1737	44	22	45.829220	=
2	1	585	0	0	0	4117	1764	19	17	-1	
3	1	585	1	0	0	4117	1764	19	17	-1	
4	1	585	1	1	0	4117	1764	19	17	-1	
5	1	585	1	1	1	4117	1764	19	17	32.921989	we
2	1	586	0	0	0	4193	1733	156	26	-1	
3	1	586	1	0	0	4193	1733	156	26	-1	
4	1	586	1	1	0	4193	1733	156	26	-1	
5	1	586	1	1	1	4193	1733	156	26	29.736176	WIELKOPOI:
2	1	587	0	0	0	4350	1741	38	39	-1	
3	1	587	1	0	0	4350	1741	38	39	-1	
4	1	587	1	1	0	4350	1741	38	39	-1	
5	1	587	1	1	1	4350	1741	38	39	10.523148	a
2	1	588	0	0	0	4596	1743	56	24	-1	
3	1	588	1	0	0	4596	1743	56	24	-1	
4	1	588	1	1	0	4596	1743	56	24	-1	
5	1	588	1	1	1	4596	1743	56	24	0.000000	NV
2	1	589	0	0	0	4653	1718	41	44	-1	
3	1	589	1	0	0	4653	1718	41	44	-1	
4	1	589	1	1	0	4653	1718	41	44	-1	
5	1	589	1	1	1	4653	1718	41	44	37.815842	XS
2	1	590	0	0	0	5043	1761	39	17	-1	
3	1	590	1	0	0	5043	1761	39	17	-1	
4	1	590	1	1	0	5043	1761	39	17	-1	
5	1	590	1	1	1	5043	1761	39	17	0.000000	acho
2	1	591	0	0	0	6692	1753	22	12	-1	
3	1	591	1	0	0	6692	1753	22	12	-1	
4	1	591	1	1	0	6692	1753	22	12	-1	
5	1	591	1	1	1	6692	1753	22	12	25.265404	ae
2	1	592	0	0	0	270	1708	84	78	-1	
3	1	592	1	0	0	270	1708	84	78	-1	
4	1	592	1	1	0	270	1708	84	78	-1	
5	1	592	1	1	1	270	1708	84	78	11.992493	ee)
2	1	593	0	0	0	3676	1776	44	21	-1	
3	1	593	1	0	0	3676	1776	44	21	-1	
4	1	593	1	1	0	3676	1776	44	21	-1	
5	1	593	1	1	1	3676	1776	44	21	94.758888	SAX
2	1	594	0	0	0	4588	1777	34	26	-1	
3	1	594	1	0	0	4588	1777	34	26	-1	
4	1	594	1	1	0	4588	1777	34	26	-1	
5	1	594	1	1	1	4588	1777	34	26	52.702824	NY
2	1	595	0	0	0	5351	1780	50	13	-1	
3	1	595	1	0	0	5351	1780	50	13	-1	
4	1	595	1	1	0	5351	1780	50	13	-1	
5	1	595	1	1	1	5351	1769	15	28	10.178009	Sy
5	1	595	1	1	2	5375	1769	26	28	22.733986	(Get
2	1	596	0	0	0	6314	1745	120	48	-1	
3	1	596	1	0	0	6294	1745	140	58	-1	
4	1	596	1	1	0	6314	1745	120	48	-1	
5	1	596	1	1	1	6314	1745	120	48	27.165154	SARAToy,
2	1	597	0	0	0	1529	1799	20	15	-1	
3	1	597	1	0	0	1529	1799	20	15	-1	
4	1	597	1	1	0	1529	1799	20	15	-1	
5	1	597	1	1	1	1529	1799	20	15	4.060524	1h
2	1	598	0	0	0	2187	1781	195	32	-1	
3	1	598	1	0	0	2187	1781	195	32	-1	
4	1	598	1	1	0	2187	1781	195	32	-1	
5	1	598	1	1	1	2187	1785	153	28	92.841682	ENGLISH
5	1	598	1	1	2	2356	1781	26	27	82.844276	C
2	1	599	0	0	0	3079	1745	57	73	-1	
3	1	599	1	0	0	3079	1745	57	73	-1	
4	1	599	1	1	0	3079	1745	57	73	-1	
5	1	599	1	1	1	3079	1745	57	73	45.811440	©
2	1	600	0	0	0	3839	1799	81	18	-1	
3	1	600	1	0	0	3839	1799	81	18	-1	
4	1	600	1	1	0	3839	1799	81	18	-1	
5	1	600	1	1	1	3839	1799	81	18	82.949066	Dresdent
2	1	601	0	0	0	4498	1795	63	14	-1	
3	1	601	1	0	0	4498	1795	63	14	-1	
4	1	601	1	1	0	4498	1795	63	14	-1	
5	1	601	1	1	1	4498	1795	63	14	96.787285	Krakow
2	1	602	0	0	0	4872	1757	49	48	-1	
3	1	602	1	0	0	4872	1757	49	48	-1	
4	1	602	1	1	0	4872	1757	49	48	-1	
5	1	602	1	1	1	4872	1757	49	48	21.167839	Cal
2	1	603	0	0	0	5932	1816	17	8	-1	
3	1	603	1	0	0	5932	1816	17	8	-1	
4	1	603	1	1	0	5932	1816	17	8	-1	
5	1	603	1	1	1	5932	1816	17	8	38.221264	ng
2	1	604	0	0	0	448	1824	242	24	-1	
3	1	604	1	0	0	448	1824	242	24	-1	
4	1	604	1	1	0	448	1824	242	24	-1	
5	1	604	1	1	1	448	1824	2	8	14.347084	~
5	1	604	1	1	2	468	1825	222	23	96.150330	SOUTHEASTERN
2	1	605	0	0	0	896	1827	78	19	-1	
3	1	605	1	0	0	896	1827	78	19	-1	
4	1	605	1	1	0	896	1827	78	19	-1	
5	1	605	1	1	1	896	1827	78	19	52.889538	Central)
2	1	606	0	0	0	2386	1763	147	71	-1	
3	1	606	1	0	0	2386	1763	147	71	-1	
4	1	606	1	1	0	2386	1763	147	71	-1	
5	1	606	1	1	1	2386	1763	147	71	13.350449	HANNE
2	1	607	0	0	0	2925	1802	109	28	-1	
3	1	607	1	0	0	2925	1802	109	28	-1	
4	1	607	1	1	0	2925	1802	109	28	-1	
5	1	607	1	1	1	2925	1802	109	28	20.609482	[ALLONIA.
2	1	608	0	0	0	3078	1824	57	24	-1	
3	1	608	1	0	0	3078	1824	57	24	-1	
4	1	608	1	1	0	3078	1824	57	24	-1	
5	1	608	1	1	1	3078	1824	57	24	95.940002	Liege
2	1	609	0	0	0	3532	1801	146	38	-1	
3	1	609	1	0	0	3532	1801	146	38	-1	
4	1	609	1	1	0	3532	1801	146	38	-1	
5	1	609	1	1	1	3532	1802	30	37	46.513824	at
5	1	609	1	1	2	3580	1801	8	32	0.000000	~
5	1	609	1	1	3	3598	1801	80	32	95.374802	Leipzig
2	1	610	0	0	0	3657	1832	24	10	-1	
3	1	610	1	0	0	3657	1832	24	10	-1	
4	1	610	1	1	0	3657	1832	24	10	-1	
5	1	610	1	1	1	3657	1832	24	10	40.911404	woe
2	1	611	0	0	0	3945	1825	26	14	-1	
3	1	611	1	0	0	3945	1825	26	14	-1	
4	1	611	1	1	0	3945	1825	26	14	-1	
5	1	611	1	1	1	3945	1825	26	14	90.899338	BO
2	1	612	0	0	0	4673	1790	42	47	-1	
3	1	612	1	0	0	4673	1790	42	47	-1	
4	1	612	1	1	0	4673	1790	42	47	-1	
5	1	612	1	1	1	4673	1790	42	47	34.186333	ety
2	1	613	0	0	0	4851	1823	81	19	-1	
3	1	613	1	0	0	4851	1823	81	19	-1	
4	1	613	1	1	0	4851	1823	81	19	-1	
5	1	613	1	1	1	4851	1823	81	19	92.755981	Voluine
2	1	614	0	0	0	5545	1824	114	24	-1	
3	1	614	1	0	0	5545	1824	114	24	-1	
4	1	614	1	1	0	5545	1824	114	24	-1	
5	1	614	1	1	1	5545	1824	114	24	84.359810	Cernigoyas
2	1	615	0	0	0	5752	1819	66	27	-1	
3	1	615	1	0	0	5752	1819	66	27	-1	
4	1	615	1	1	0	5752	1819	66	27	-1	
5	1	615	1	1	1	5752	1819	66	27	33.681099	Who,
2	1	616	0	0	0	438	1856	34	8	-1	
3	1	616	1	0	0	438	1856	34	8	-1	
4	1	616	1	1	0	438	1856	34	8	-1	
5	1	616	1	1	1	438	1856	34	8	28.881340	=
2	1	617	0	0	0	714	1760	70	91	-1	
3	1	617	1	0	0	714	1760	70	91	-1	
4	1	617	1	1	0	714	1760	70	91	-1	
5	1	617	1	1	1	714	1760	70	91	52.382683	A
2	1	618	0	0	0	945	1860	39	12	-1	
3	1	618	1	0	0	945	1860	39	12	-1	
4	1	618	1	1	0	945	1860	39	12	-1	
5	1	618	1	1	1	945	1860	39	12	46.155586	ica
2	1	619	0	0	0	2748	1818	41	48	-1	
3	1	619	1	0	0	2748	1818	41	48	-1	
4	1	619	1	1	0	2748	1818	41	48	-1	
5	1	619	1	1	1	2748	1818	41	48	4.219048	YW
2	1	620	0	0	0	4144	1851	64	20	-1	
3	1	620	1	0	0	4144	1851	64	20	-1	
4	1	620	1	1	0	4144	1851	64	20	-1	
5	1	620	1	1	1	4144	1851	64	20	96.898178	Silesia
2	1	621	0	0	0	4659	1853	69	19	-1	
3	1	621	1	0	0	4659	1853	69	19	-1	
4	1	621	1	1	0	4659	1853	69	19	-1	
5	1	621	1	1	1	4659	1853	69	19	80.787788	Lublin:
2	1	622	0	0	0	5086	1853	28	16	-1	
3	1	622	1	0	0	5086	1853	28	16	-1	
4	1	622	1	1	0	5086	1853	28	16	-1	
5	1	622	1	1	1	5086	1853	28	16	17.833221	oi
2	1	623	0	0	0	5221	1843	41	16	-1	
3	1	623	1	0	0	5221	1843	41	16	-1	
4	1	623	1	1	0	5221	1843	41	16	-1	
5	1	623	1	1	1	5221	1843	41	16	81.524246	Kiev
2	1	624	0	0	0	506	1858	122	24	-1	
3	1	624	1	0	0	506	1858	122	24	-1	
4	1	624	1	1	0	506	1858	122	24	-1	
5	1	624	1	1	1	506	1858	122	24	86.915649	ATLANTI
2	1	625	0	0	0	741	1855	71	24	-1	
3	1	625	1	0	0	741	1855	71	24	-1	
4	1	625	1	1	0	741	1855	71	24	-1	
5	1	625	1	1	1	741	1855	71	24	96.827393	Kongo
2	1	626	0	0	0	2646	1866	58	20	-1	
3	1	626	1	0	0	2646	1866	58	20	-1	
4	1	626	1	1	0	2646	1866	58	20	-1	
5	1	626	1	1	1	2646	1866	58	20	53.819927	icardi
2	1	627	0	0	0	2896	1828	88	64	-1	
3	1	627	1	0	0	2896	1828	88	64	-1	
4	1	627	1	1	0	2896	1828	88	64	-1	
5	1	627	1	1	1	2896	1828	88	64	54.859283	vor
2	1	628	0	0	0	3196	1861	49	23	-1	
3	1	628	1	0	0	3196	1861	49	23	-1	
4	1	628	1	1	0	3196	1861	49	23	-1	
5	1	628	1	1	1	3196	1861	49	23	57.141842	a.
2	1	629	0	0	0	3359	1872	33	12	-1	
3	1	629	1	0	0	3359	1872	33	12	-1	
4	1	629	1	1	0	3359	1872	33	12	-1	
5	1	629	1	1	1	3359	1872	33	12	73.807327	Tam
2	1	630	0	0	0	3421	1871	25	13	-1	
3	1	630	1	0	0	3421	1871	25	13	-1	
4	1	630	1	1	0	3421	1871	25	13	-1	
5	1	630	1	1	1	3421	1871	25	13	56.837601	ort
2	1	631	0	0	0	3487	1854	65	21	-1	
3	1	631	1	0	0	3487	1854	65	21	-1	
4	1	631	1	1	0	3487	1854	65	21	-1	
5	1	631	1	1	1	3487	1854	65	21	96.909660	Saxony
2	1	632	0	0	0	4313	1855	76	19	-1	
3	1	632	1	0	0	4313	1855	76	19	-1	
4	1	632	1	1	0	4313	1855	76	19	-1	
5	1	632	1	1	1	4313	1855	76	19	91.749985	Sieradz
2	1	633	0	0	0	269	1835	85	80	-1	
3	1	633	1	0	0	269	1835	85	80	-1	
4	1	633	1	1	0	269	1835	85	80	-1	
5	1	633	1	1	1	269	1835	85	80	89.939423	@
2	1	634	0	0	0	320	1912	16	6	-1	
3	1	634	1	0	0	320	1912	16	6	-1	
4	1	634	1	1	0	320	1912	16	6	-1	
5	1	634	1	1	1	320	1912	16	6	63.969269	S
2	1	635	0	0	0	979	1878	34	27	-1	
3	1	635	1	0	0	979	1878	34	27	-1	
4	1	635	1	1	0	979	1878	34	27	-1	
5	1	635	1	1	1	979	1878	34	27	35.239090	%
2	1	636	0	0	0	1754	1906	13	8	-1	
3	1	636	1	0	0	1754	1906	13	8	-1	
4	1	636	1	1	0	1754	1906	13	8	-1	
5	1	636	1	1	1	1754	1906	13	8	51.852989	cf
2	1	637	0	0	0	3009	1891	16	19	-1	
3	1	637	1	0	0	3009	1891	16	19	-1	
4	1	637	1	1	0	3009	1891	16	19	-1	
5	1	637	1	1	1	3009	1891	16	19	0.000000	&
2	1	638	0	0	0	3026	1896	37	18	-1	
3	1	638	1	0	0	3026	1896	37	18	-1	
4	1	638	1	1	0	3026	1896	37	18	-1	
5	1	638	1	1	1	3026	1896	37	18	32.937126	thoy
2	1	639	0	0	0	4793	1887	15	10	-1	
3	1	639	1	0	0	4793	1887	15	10	-1	
4	1	639	1	1	0	4793	1887	15	10	-1	
5	1	639	1	1	1	4793	1887	15	10	46.312340	<3)
2	1	640	0	0	0	6462	1888	87	28	-1	
3	1	640	1	0	0	6462	1888	87	28	-1	
4	1	640	1	1	0	6462	1888	87	28	-1	
5	1	640	1	1	1	6462	1888	87	28	38.441071	_Saratoy
2	1	641	0	0	0	727	1896	40	37	-1	
3	1	641	1	0	0	727	1896	40	37	-1	
4	1	641	1	1	0	727	1896	40	37	-1	
5	1	641	1	1	1	727	1896	40	37	59.358795	cf
2	1	642	0	0	0	2917	1914	73	18	-1	
3	1	642	1	0	0	2917	1914	73	18	-1	
4	1	642	1	1	0	2917	1914	73	18	-1	
5	1	642	1	1	1	2917	1914	73	18	96.178993	Namur
2	1	643	0	0	0	3085	1889	49	50	-1	
3	1	643	1	0	0	3085	1889	49	50	-1	
4	1	643	1	1	0	3085	1889	49	50	-1	
5	1	643	1	1	1	3085	1889	49	50	41.611328	°
2	1	644	0	0	0	3192	1872	47	62	-1	
3	1	644	1	0	0	3192	1872	47	62	-1	
4	1	644	1	1	0	3192	1872	47	62	-1	
5	1	644	1	1	1	3192	1872	47	62	59.647270	+
2	1	645	0	0	0	3828	1898	103	43	-1	
3	1	645	1	0	0	3828	1898	103	43	-1	
4	1	645	1	1	0	3828	1898	103	43	-1	
5	1	645	1	1	1	3828	1898	103	43	70.128899	Rudohori
2	1	646	0	0	0	4883	1902	72	31	-1	
3	1	646	1	0	0	4883	1902	72	31	-1	
4	1	646	1	1	0	4883	1902	72	31	-1	
5	1	646	1	1	1	4883	1902	72	31	89.799477	RUTH
2	1	647	0	0	0	4975	1920	42	22	-1	
3	1	647	1	0	0	4975	1920	42	22	-1	
4	1	647	1	1	0	4975	1920	42	22	-1	
5	1	647	1	1	1	4975	1920	42	22	0.000000	NI4
2	1	648	0	0	0	5657	1920	24	18	-1	
3	1	648	1	0	0	5657	1920	24	18	-1	
4	1	648	1	1	0	5657	1920	24	18	-1	
5	1	648	1	1	1	5657	1920	24	18	36.765465	ae,
2	1	649	0	0	0	5712	1918	31	16	-1	
3	1	649	1	0	0	5712	1918	31	16	-1	
4	1	649	1	1	0	5712	1918	31	16	-1	
5	1	649	1	1	1	5712	1918	31	16	82.401337	TER
2	1	650	0	0	0	757	1907	43	52	-1	
3	1	650	1	0	0	757	1907	43	52	-1	
4	1	650	1	1	0	757	1907	43	52	-1	
5	1	650	1	1	1	757	1907	43	52	34.867149	is
2	1	651	0	0	0	2805	1939	11	12	-1	
3	1	651	1	0	0	2805	1939	11	12	-1	
4	1	651	1	1	0	2805	1939	11	12	-1	
5	1	651	1	1	1	2805	1939	11	12	8.793877	cx
2	1	652	0	0	0	3045	1922	36	23	-1	
3	1	652	1	0	0	3045	1922	36	23	-1	
4	1	652	1	1	0	3045	1922	36	23	-1	
5	1	652	1	1	1	3045	1922	36	23	30.218071	pee
2	1	653	0	0	0	3189	1939	41	16	-1	
3	1	653	1	0	0	3189	1939	41	16	-1	
4	1	653	1	1	0	3189	1939	41	16	-1	
5	1	653	1	1	1	3189	1939	41	16	65.196182	drie
2	1	654	0	0	0	3303	1905	58	48	-1	
3	1	654	1	0	0	3303	1905	58	48	-1	
4	1	654	1	1	0	3303	1905	58	48	-1	
5	1	654	1	1	1	3303	1905	58	48	58.209003	om
2	1	655	0	0	0	3417	1923	35	33	-1	
3	1	655	1	0	0	3417	1923	35	33	-1	
4	1	655	1	1	0	3417	1923	35	33	-1	
5	1	655	1	1	1	3417	1923	9	33	0.000000	y)
2	1	656	0	0	0	4889	1934	26	20	-1	
3	1	656	1	0	0	4889	1934	26	20	-1	
4	1	656	1	1	0	4889	1934	26	20	-1	
5	1	656	1	1	1	4889	1934	26	20	33.381668	she
2	1	657	0	0	0	5364	1915	48	46	-1	
3	1	657	1	0	0	5364	1915	48	46	-1	
4	1	657	1	1	0	5364	1915	48	46	-1	
5	1	657	1	1	1	5364	1915	48	46	14.601883	dy
2	1	658	0	0	0	5805	1917	84	27	-1	
3	1	658	1	0	0	5805	1917	84	27	-1	
4	1	658	1	1	0	5805	1917	84	27	-1	
5	1	658	1	1	1	5805	1917	84	27	59.509239	SRAINE:
2	1	659	0	0	0	1086	1919	50	65	-1	
3	1	659	1	0	0	1086	1919	50	65	-1	
4	1	659	1	1	0	1086	1919	50	65	-1	
5	1	659	1	1	1	1086	1919	50	65	23.294273	iJ
2	1	660	0	0	0	2512	1946	55	29	-1	
3	1	660	1	0	0	2512	1946	55	29	-1	
4	1	660	1	1	0	2512	1946	55	29	-1	
5	1	660	1	1	1	2512	1946	55	29	0.000000	Cau
2	1	661	0	0	0	2807	1950	32	24	-1	
3	1	661	1	0	0	2807	1950	32	24	-1	
4	1	661	1	1	0	2807	1950	32	24	-1	
5	1	661	1	1	1	2807	1950	32	24	38.580917	er
2	1	662	0	0	0	2911	1956	31	14	-1	
3	1	662	1	0	0	2911	1956	31	14	-1	
4	1	662	1	1	0	2911	1956	31	14	-1	
5	1	662	1	1	1	2911	1956	31	14	61.847134	TN
2	1	663	0	0	0	3054	1957	96	19	-1	
3	1	663	1	0	0	3054	1957	96	19	-1	
4	1	663	1	1	0	3054	1957	96	19	-1	
5	1	663	1	1	1	3054	1964	52	12	0.000000	xem
5	1	663	1	1	2	3111	1957	39	19	0.000000	bot
2	1	664	0	0	0	3622	1965	21	19	-1	
3	1	664	1	0	0	3622	1965	21	19	-1	
4	1	664	1	1	0	3622	1965	21	19	-1	
5	1	664	1	1	1	3622	1965	21	19	55.115982	gy
2	1	665	0	0	0	3693	1968	41	16	-1	
3	1	665	1	0	0	3693	1968	41	16	-1	
4	1	665	1	1	0	3693	1968	41	16	-1	
5	1	665	1	1	1	3689	1955	6	33	32.733475	|
2	1	666	0	0	0	3967	1968	60	18	-1	
3	1	666	1	0	0	3967	1968	60	18	-1	
4	1	666	1	1	0	3967	1968	60	18	-1	
5	1	666	1	1	1	3967	1968	60	18	96.046944	Praha
2	1	667	0	0	0	4171	1920	46	47	-1	
3	1	667	1	0	0	4171	1920	46	47	-1	
4	1	667	1	1	0	4171	1920	46	47	-1	
5	1	667	1	1	1	4171	1920	46	47	32.385452	GJ
2	1	668	0	0	0	6607	1951	70	21	-1	
3	1	668	1	0	0	6607	1951	70	21	-1	
4	1	668	1	1	0	6607	1951	70	21	-1	
5	1	668	1	1	1	6607	1951	70	21	43.744041	Six
2	1	669	0	0	0	673	1968	141	27	-1	
3	1	669	1	0	0	673	1968	141	27	-1	
4	1	669	1	1	0	673	1968	141	27	-1	
5	1	669	1	1	1	673	1968	141	27	48.441410	Angola
2	1	670	0	0	0	945	1996	19	13	-1	
3	1	670	1	0	0	945	1996	19	13	-1	
4	1	670	1	1	0	945	1996	19	13	-1	
5	1	670	1	1	1	945	1996	19	13	70.627953	ta]
2	1	671	0	0	0	1049	1985	124	25	-1	
3	1	671	1	0	0	1049	1985	124	25	-1	
4	1	671	1	1	0	1049	1985	124	25	-1	
5	1	671	1	1	1	1049	1985	124	25	96.317131	Madagascar
2	1	672	0	0	0	4147	1983	98	19	-1	
3	1	672	1	0	0	4147	1983	98	19	-1	
4	1	672	1	1	0	4147	1983	98	19	-1	
5	1	672	1	1	1	4147	1983	98	19	96.229507	Olomouc
2	1	673	0	0	0	4306	1981	60	16	-1	
3	1	673	1	0	0	4306	1981	60	16	-1	
4	1	673	1	1	0	4306	1981	60	16	-1	
5	1	673	1	1	1	4306	1981	60	16	27.965195	aA
5	1	673	1	1	2	4354	1977	15	25	0.000000	S
2	1	674	0	0	0	4424	1984	106	21	-1	
3	1	674	1	0	0	4424	1984	106	21	-1	
4	1	674	1	1	0	4424	1984	106	21	-1	
5	1	674	1	1	1	4424	1984	106	21	0.000000	Krakow
2	1	675	0	0	0	5347	1980	74	24	-1	
3	1	675	1	0	0	5347	1980	74	24	-1	
4	1	675	1	1	0	5347	1980	74	24	-1	
5	1	675	1	1	1	5347	1980	74	24	90.276199	Kijevas
2	1	676	0	0	0	5714	1980	18	9	-1	
3	1	676	1	0	0	5714	1980	18	9	-1	
4	1	676	1	1	0	5714	1980	18	9	-1	
5	1	676	1	1	1	5714	1980	18	9	66.952309	ZS
2	1	677	0	0	0	908	1992	82	23	-1	
3	1	677	1	0	0	908	1992	82	23	-1	
4	1	677	1	1	0	908	1992	82	23	-1	
5	1	677	1	1	1	908	1992	82	23	91.760254	Mutapa
2	1	678	0	0	0	1349	1990	344	33	-1	
3	1	678	1	0	0	1349	1990	344	33	-1	
4	1	678	1	1	0	1349	1990	344	33	-1	
5	1	678	1	1	1	1349	1990	155	33	95.392517	EASTERN
5	1	678	1	1	2	1517	1994	176	29	96.128181	ATLANTIC
2	1	679	0	0	0	2373	2012	122	20	-1	
3	1	679	1	0	0	2373	2012	122	20	-1	
4	1	679	1	1	0	2373	2012	122	20	-1	
5	1	679	1	1	1	2373	2012	122	20	93.651550	Normandie
2	1	680	0	0	0	2775	1998	73	21	-1	
3	1	680	1	0	0	2775	1998	73	21	-1	
4	1	680	1	1	0	2775	1998	73	21	-1	
5	1	680	1	1	1	2775	1998	73	21	78.068733	SEINE
2	1	681	0	0	0	2894	1979	59	38	-1	
3	1	681	1	0	0	2894	1979	59	38	-1	
4	1	681	1	1	0	2894	1979	59	38	-1	
5	1	681	1	1	1	2894	1979	59	38	56.362709	ee
2	1	682	0	0	0	3135	2015	41	14	-1	
3	1	682	1	0	0	3135	2015	41	14	-1	
4	1	682	1	1	0	3135	2015	41	14	-1	
5	1	682	1	1	1	3135	2015	41	14	13.755859	RN
2	1	683	0	0	0	3260	1993	24	27	-1	
3	1	683	1	0	0	3260	1993	24	27	-1	
4	1	683	1	1	0	3260	1993	24	27	-1	
5	1	683	1	1	1	3260	1993	24	27	59.455837	AY
2	1	684	0	0	0	3472	2006	45	22	-1	
3	1	684	1	0	0	3472	2006	45	22	-1	
4	1	684	1	1	0	3472	2006	45	22	-1	
5	1	684	1	1	1	3472	2006	45	22	11.171257	EX
2	1	685	0	0	0	3600	2004	84	18	-1	
3	1	685	1	0	0	3600	2004	84	18	-1	
4	1	685	1	1	0	3600	2004	84	18	-1	
5	1	685	1	1	1	3600	2004	84	18	6.312752	jirnberg
2	1	686	0	0	0	3738	1985	23	30	-1	
3	1	686	1	0	0	3738	1985	23	30	-1	
4	1	686	1	1	0	3738	1985	23	30	-1	
5	1	686	1	1	1	3738	1985	23	30	45.753922	ys
2	1	687	0	0	0	2678	2027	20	24	-1	
3	1	687	1	0	0	2678	2027	20	24	-1	
4	1	687	1	1	0	2678	2027	20	24	-1	
5	1	687	1	1	1	2678	2027	20	24	40.060783	+
2	1	688	0	0	0	3272	2032	59	19	-1	
3	1	688	1	0	0	3272	2032	59	19	-1	
4	1	688	1	1	0	3272	2032	59	19	-1	
5	1	688	1	1	1	3272	2032	37	19	17.548355	falz
2	1	689	0	0	0	3512	2029	29	20	-1	
3	1	689	1	0	0	3512	2029	29	20	-1	
4	1	689	1	1	0	3512	2029	29	20	-1	
5	1	689	1	1	1	3512	2029	29	20	39.146877	ie
2	1	690	0	0	0	4467	2029	42	13	-1	
3	1	690	1	0	0	4467	2029	42	13	-1	
4	1	690	1	1	0	4467	2029	42	13	-1	
5	1	690	1	1	1	4467	2029	42	13	35.911079	cys
2	1	691	0	0	0	4544	2012	122	25	-1	
3	1	691	1	0	0	4544	2012	122	25	-1	
4	1	691	1	1	0	4544	2012	122	25	-1	
5	1	691	1	1	1	4544	2008	51	33	32.873459	pil
5	1	691	1	1	2	4611	2012	55	25	50.864388	rw
2	1	692	0	0	0	5202	2015	199	33	-1	
3	1	692	1	0	0	5202	2015	199	33	-1	
4	1	692	1	1	0	5202	2015	199	33	-1	
5	1	692	1	1	1	5202	2015	122	33	91.769783	WESTERN
5	1	692	1	1	2	5357	2024	44	18	50.869514	UKRAI
2	1	693	0	0	0	2234	2033	43	28	-1	
3	1	693	1	0	0	2234	2033	43	28	-1	
4	1	693	1	1	0	2234	2033	43	28	-1	
5	1	693	1	1	1	2234	2033	43	28	36.136139	ee
2	1	694	0	0	0	3462	2014	50	59	-1	
3	1	694	1	0	0	3462	2014	50	59	-1	
4	1	694	1	1	0	3462	2014	50	59	-1	
5	1	694	1	1	1	3462	2014	50	59	30.708328	@
2	1	695	0	0	0	3578	2071	13	5	-1	
3	1	695	1	0	0	3578	2071	13	5	-1	
4	1	695	1	1	0	3578	2071	13	5	-1	
5	1	695	1	1	1	3578	2071	13	5	38.921539	Mf
2	1	696	0	0	0	3657	2038	110	25	-1	
3	1	696	1	0	0	3657	2038	110	25	-1	
4	1	696	1	1	0	3657	2038	110	25	-1	
5	1	696	1	1	1	3657	2038	110	25	91.746948	Regensbur;
2	1	697	0	0	0	3927	2003	46	58	-1	
3	1	697	1	0	0	3927	2003	46	58	-1	
4	1	697	1	1	0	3927	2003	46	58	-1	
5	1	697	1	1	1	3927	2003	46	58	19.529648	cy
2	1	698	0	0	0	5496	2048	23	12	-1	
3	1	698	1	0	0	5496	2048	23	12	-1	
4	1	698	1	1	0	5496	2048	23	12	-1	
5	1	698	1	1	1	5496	2048	23	12	44.562981	Noa,
2	1	699	0	0	0	5684	2058	76	19	-1	
3	1	699	1	0	0	5684	2058	76	19	-1	
4	1	699	1	1	0	5684	2058	76	19	-1	
5	1	699	1	1	1	5684	2058	76	19	88.320030	Poltava
2	1	700	0	0	0	504	2083	24	16	-1	
3	1	700	1	0	0	504	2083	24	16	-1	
4	1	700	1	1	0	504	2083	24	16	-1	
5	1	700	1	1	1	504	2083	24	16	38.073883	=e
2	1	701	0	0	0	981	2078	11	11	-1	
3	1	701	1	0	0	981	2078	11	11	-1	
4	1	701	1	1	0	981	2078	11	11	-1	
5	1	701	1	1	1	981	2078	11	11	36.631111	ai
2	1	702	0	0	0	1019	2012	148	84	-1	
3	1	702	1	0	0	1019	2012	148	84	-1	
4	1	702	1	1	0	1019	2012	148	84	-1	
5	1	702	1	1	1	1019	2012	112	84	26.481239	wf
2	1	703	0	0	0	2327	2075	44	24	-1	
3	1	703	1	0	0	2327	2075	44	24	-1	
4	1	703	1	1	0	2327	2075	44	24	-1	
5	1	703	1	1	1	2327	2075	44	24	61.078953	BRE
2	1	704	0	0	0	2863	2069	115	26	-1	
3	1	704	1	0	0	2863	2069	115	26	-1	
4	1	704	1	1	0	2863	2069	115	26	-1	
5	1	704	1	1	1	2863	2069	115	26	52.462914	Champagni
2	1	705	0	0	0	3270	2070	20	21	-1	
3	1	705	1	0	0	3270	2070	20	21	-1	
4	1	705	1	1	0	3270	2070	20	21	-1	
5	1	705	1	1	1	3270	2070	20	21	15.082367	Nt
2	1	706	0	0	0	3535	2075	91	21	-1	
3	1	706	1	0	0	3535	2075	91	21	-1	
4	1	706	1	1	0	3535	2075	91	21	-1	
5	1	706	1	1	1	3535	2075	91	21	0.000000	S&©SWAB)
2	1	707	0	0	0	3895	2066	92	25	-1	
3	1	707	1	0	0	3895	2066	92	25	-1	
4	1	707	1	1	0	3895	2066	92	25	-1	
5	1	707	1	1	1	3895	2066	92	25	55.520786	Budejovi
2	1	708	0	0	0	4366	2064	14	24	-1	
3	1	708	1	0	0	4366	2064	14	24	-1	
4	1	708	1	1	0	4366	2064	14	24	-1	
5	1	708	1	1	1	4366	2064	14	24	0.000000	o
2	1	709	0	0	0	5447	2062	63	19	-1	
3	1	709	1	0	0	5447	2062	63	19	-1	
4	1	709	1	1	0	5447	2062	63	19	-1	
5	1	709	1	1	1	5447	2062	63	19	14.969604	aS
2	1	710	0	0	0	201	2099	12	18	-1	
3	1	710	1	0	0	201	2099	12	18	-1	
4	1	710	1	1	0	201	2099	12	18	-1	
5	1	710	1	1	1	201	2099	12	18	88.995483	\
2	1	711	0	0	0	655	2106	24	4	-1	
3	1	711	1	0	0	655	2106	24	4	-1	
4	1	711	1	1	0	655	2106	24	4	-1	
5	1	711	1	1	1	655	2106	24	4	83.920731	ast
2	1	712	0	0	0	2374	2061	106	53	-1	
3	1	712	1	0	0	2374	2061	106	53	-1	
4	1	712	1	1	0	2374	2061	106	53	-1	
5	1	712	1	1	1	2374	2061	106	53	38.892601	Se
2	1	713	0	0	0	2774	2085	66	22	-1	
3	1	713	1	0	0	2774	2085	66	22	-1	
4	1	713	1	1	0	2774	2085	66	22	-1	
5	1	713	1	1	1	2774	2085	66	22	93.462540	Champ
2	1	714	0	0	0	3780	2060	48	61	-1	
3	1	714	1	0	0	3780	2060	48	61	-1	
4	1	714	1	1	0	3780	2060	48	61	-1	
5	1	714	1	1	1	3780	2060	48	61	26.071693	s
2	1	715	0	0	0	4236	2082	50	35	-1	
3	1	715	1	0	0	4236	2082	50	35	-1	
4	1	715	1	1	0	4236	2082	50	35	-1	
5	1	715	1	1	1	4236	2082	50	35	53.055325	=~
2	1	716	0	0	0	4883	2098	60	18	-1	
3	1	716	1	0	0	4883	2098	60	18	-1	
4	1	716	1	1	0	4883	2098	60	18	-1	
5	1	716	1	1	1	4883	2098	60	18	88.433731	Lwow
2	1	717	0	0	0	5418	2099	12	21	-1	
3	1	717	1	0	0	5418	2099	12	21	-1	
4	1	717	1	1	0	5418	2099	12	21	-1	
5	1	717	1	1	1	5418	2099	12	21	59.374367	if
2	1	718	0	0	0	727	2075	42	58	-1	
3	1	718	1	0	0	727	2075	42	58	-1	
4	1	718	1	1	0	727	2075	42	58	-1	
5	1	718	1	1	1	727	2075	42	58	13.614914	gE
2	1	719	0	0	0	929	2086	71	57	-1	
3	1	719	1	0	0	929	2086	71	57	-1	
4	1	719	1	1	0	929	2086	71	57	-1	
5	1	719	1	1	1	929	2086	44	57	39.118713	al
5	1	719	1	1	2	982	2090	18	38	76.075935	E
2	1	720	0	0	0	1442	2128	8	11	-1	
3	1	720	1	0	0	1442	2128	8	11	-1	
4	1	720	1	1	0	1442	2128	8	11	-1	
5	1	720	1	1	1	1442	2128	8	11	69.523842	a
2	1	721	0	0	0	2195	2093	179	34	-1	
3	1	721	1	0	0	2195	2093	179	34	-1	
4	1	721	1	1	0	2195	2093	179	34	-1	
5	1	721	1	1	1	2195	2121	8	5	13.083817	p
5	1	721	1	1	2	2212	2093	80	34	87.831375	Rennes
5	1	721	1	1	3	2333	2101	41	23	0.000000	EN()
2	1	722	0	0	0	3696	2109	46	22	-1	
3	1	722	1	0	0	3696	2109	46	22	-1	
4	1	722	1	1	0	3696	2109	46	22	-1	
5	1	722	1	1	1	3696	2109	46	22	50.199905	px
2	1	723	0	0	0	3916	2127	51	15	-1	
3	1	723	1	0	0	3916	2127	51	15	-1	
4	1	723	1	1	0	3916	2127	51	15	-1	
5	1	723	1	1	1	3916	2127	51	15	70.202225	‘Wien
2	1	724	0	0	0	3997	2107	127	24	-1	
3	1	724	1	0	0	3997	2107	127	24	-1	
4	1	724	1	1	0	3997	2107	127	24	-1	
5	1	724	1	1	1	3997	2129	3	2	34.008446	_
5	1	724	1	1	2	4016	2107	108	22	86.449745	Osterreich
2	1	725	0	0	0	4140	2126	36	13	-1	
3	1	725	1	0	0	4140	2126	36	13	-1	
4	1	725	1	1	0	4140	2126	36	13	-1	
5	1	725	1	1	1	4140	2126	36	13	0.000000	Ceyn
2	1	726	0	0	0	4748	2092	69	37	-1	
3	1	726	1	0	0	4748	2092	69	37	-1	
4	1	726	1	1	0	4748	2092	69	37	-1	
5	1	726	1	1	1	4748	2092	69	37	48.610184	Be
2	1	727	0	0	0	5132	2125	71	19	-1	
3	1	727	1	0	0	5132	2125	71	19	-1	
4	1	727	1	1	0	5132	2125	71	19	-1	
5	1	727	1	1	1	5132	2125	71	19	92.360817	Podole
2	1	728	0	0	0	175	2159	10	6	-1	
3	1	728	1	0	0	175	2159	10	6	-1	
4	1	728	1	1	0	175	2159	10	6	-1	
5	1	728	1	1	1	175	2159	10	6	53.565872	‘as
2	1	729	0	0	0	270	2093	84	64	-1	
3	1	729	1	0	0	270	2093	84	64	-1	
4	1	729	1	1	0	270	2093	84	64	-1	
5	1	729	1	1	1	270	2093	84	64	0.000000	(Gs)
2	1	730	0	0	0	284	2154	57	15	-1	
3	1	730	1	0	0	284	2154	57	15	-1	
4	1	730	1	1	0	284	2154	57	15	-1	
5	1	730	1	1	1	284	2154	57	15	41.547852	a
2	1	731	0	0	0	1017	2104	73	54	-1	
3	1	731	1	0	0	1017	2104	73	54	-1	
4	1	731	1	1	0	1017	2104	73	54	-1	
5	1	731	1	1	1	1017	2105	30	53	0.000000	am
5	1	731	1	1	2	1053	2104	37	24	94.355583	AF
2	1	732	0	0	0	1099	2139	30	21	-1	
3	1	732	1	0	0	1099	2139	30	21	-1	
4	1	732	1	1	0	1099	2139	30	21	-1	
5	1	732	1	1	1	1099	2139	30	21	96.907120	ST
2	1	733	0	0	0	1432	2141	19	13	-1	
3	1	733	1	0	0	1432	2141	19	13	-1	
4	1	733	1	1	0	1432	2141	19	13	-1	
5	1	733	1	1	1	1432	2143	4	9	0.000000	r
5	1	733	1	1	2	1444	2141	7	13	86.024948	|
2	1	734	0	0	0	1549	2139	19	16	-1	
3	1	734	1	0	0	1549	2139	19	16	-1	
4	1	734	1	1	0	1549	2139	19	16	-1	
5	1	734	1	1	1	1549	2139	19	16	39.058304	|
2	1	735	0	0	0	3129	2127	128	37	-1	
3	1	735	1	0	0	3129	2127	128	37	-1	
4	1	735	1	1	0	3129	2127	128	37	-1	
5	1	735	1	1	1	3129	2127	71	12	90.740616	orraine
5	1	735	1	1	2	3214	2130	43	34	0.000000	—
2	1	736	0	0	0	3736	2125	112	29	-1	
3	1	736	1	0	0	3736	2125	112	29	-1	
4	1	736	1	1	0	3736	2125	112	29	-1	
5	1	736	1	1	1	3736	2136	2	18	75.877495	j)
5	1	736	1	1	2	3757	2125	91	21	80.678314	Landshui
2	1	737	0	0	0	4092	2144	33	7	-1	
3	1	737	1	0	0	4092	2144	33	7	-1	
4	1	737	1	1	0	4092	2144	33	7	-1	
5	1	737	1	1	1	4092	2144	33	7	40.545773	ANS
2	1	738	0	0	0	4333	2136	33	25	-1	
3	1	738	1	0	0	4333	2136	33	25	-1	
4	1	738	1	1	0	4333	2136	33	25	-1	
5	1	738	1	1	1	4333	2136	33	25	71.515289	or
2	1	739	0	0	0	5417	2124	89	31	-1	
3	1	739	1	0	0	5417	2124	89	31	-1	
4	1	739	1	1	0	5417	2124	89	31	-1	
5	1	739	1	1	1	5417	2124	89	31	36.835297	Xray
2	1	740	0	0	0	789	2151	83	25	-1	
3	1	740	1	0	0	789	2151	83	25	-1	
4	1	740	1	1	0	789	2151	83	25	-1	
5	1	740	1	1	1	789	2151	53	25	96.384109	Cape
5	1	740	1	1	2	848	2151	24	19	92.642647	of
2	1	741	0	0	0	1058	2174	60	15	-1	
3	1	741	1	0	0	1058	2174	60	15	-1	
4	1	741	1	1	0	1058	2174	60	15	-1	
5	1	741	1	1	1	1058	2174	45	15	65.361687	djacent
5	1	741	1	1	2	1106	2174	12	10	91.184189	to
2	1	742	0	0	0	1520	2183	17	8	-1	
3	1	742	1	0	0	1520	2183	17	8	-1	
4	1	742	1	1	0	1520	2183	17	8	-1	
5	1	742	1	1	1	1520	2183	17	8	34.087517	ee
2	1	743	0	0	0	2478	2183	31	11	-1	
3	1	743	1	0	0	2478	2183	31	11	-1	
4	1	743	1	1	0	2478	2183	31	11	-1	
5	1	743	1	1	1	2478	2183	31	11	53.966148	ain
2	1	744	0	0	0	3047	2152	19	37	-1	
3	1	744	1	0	0	3047	2152	19	37	-1	
4	1	744	1	1	0	3047	2152	19	37	-1	
5	1	744	1	1	1	3047	2152	19	37	65.729568	1
2	1	745	0	0	0	3480	2162	5	15	-1	
3	1	745	1	0	0	3480	2162	5	15	-1	
4	1	745	1	1	0	3480	2162	5	15	-1	
5	1	745	1	1	1	3480	2162	5	15	30.442535	I
2	1	746	0	0	0	3556	2107	53	74	-1	
3	1	746	1	0	0	3556	2107	53	74	-1	
4	1	746	1	1	0	3556	2107	53	74	-1	
5	1	746	1	1	1	3556	2107	53	74	69.869705	q
2	1	747	0	0	0	4300	2154	37	34	-1	
3	1	747	1	0	0	4300	2154	37	34	-1	
4	1	747	1	1	0	4300	2154	37	34	-1	
5	1	747	1	1	1	4300	2154	37	34	47.688095	oa
2	1	748	0	0	0	771	2177	122	25	-1	
3	1	748	1	0	0	771	2177	122	25	-1	
4	1	748	1	1	0	771	2177	122	25	-1	
5	1	748	1	1	1	771	2177	58	19	96.288994	Good
5	1	748	1	1	2	836	2178	57	24	96.898094	Hope
2	1	749	0	0	0	1017	2190	102	14	-1	
3	1	749	1	0	0	1017	2190	102	14	-1	
4	1	749	1	1	0	1017	2190	102	14	-1	
5	1	749	1	1	1	1017	2190	50	14	96.900566	Indian
5	1	749	1	1	2	1071	2190	48	14	96.877129	Ocean
2	1	750	0	0	0	1472	2197	16	8	-1	
3	1	750	1	0	0	1472	2197	16	8	-1	
4	1	750	1	1	0	1472	2197	16	8	-1	
5	1	750	1	1	1	1472	2197	16	8	57.122574	es
2	1	751	0	0	0	1530	2194	42	11	-1	
3	1	751	1	0	0	1530	2194	42	11	-1	
4	1	751	1	1	0	1530	2194	42	11	-1	
5	1	751	1	1	1	1530	2194	42	11	0.000000	Sae
2	1	752	0	0	0	1586	2194	20	12	-1	
3	1	752	1	0	0	1586	2194	20	12	-1	
4	1	752	1	1	0	1586	2194	20	12	-1	
5	1	752	1	1	1	1586	2194	20	12	24.847992	er
2	1	753	0	0	0	2239	2172	81	44	-1	
3	1	753	1	0	0	2239	2172	81	44	-1	
4	1	753	1	1	0	2239	2172	81	44	-1	
5	1	753	1	1	1	2239	2172	39	44	38.910286	«é
2	1	754	0	0	0	2614	2187	40	26	-1	
3	1	754	1	0	0	2614	2187	40	26	-1	
4	1	754	1	1	0	2614	2187	40	26	-1	
5	1	754	1	1	1	2614	2187	40	26	68.168991	ee
2	1	755	0	0	0	3386	2195	45	18	-1	
3	1	755	1	0	0	3386	2195	45	18	-1	
4	1	755	1	1	0	3386	2195	45	18	-1	
5	1	755	1	1	1	3386	2195	45	18	27.636932	ox)
2	1	756	0	0	0	3664	2184	100	20	-1	
3	1	756	1	0	0	3664	2184	100	20	-1	
4	1	756	1	1	0	3664	2184	100	20	-1	
5	1	756	1	1	1	3664	2184	100	20	85.089516	Miinchen
2	1	757	0	0	0	4282	2181	29	27	-1	
3	1	757	1	0	0	4282	2181	29	27	-1	
4	1	757	1	1	0	4282	2181	29	27	-1	
5	1	757	1	1	1	4282	2181	29	27	52.324806	x
2	1	758	0	0	0	4700	2193	44	20	-1	
3	1	758	1	0	0	4700	2193	44	20	-1	
4	1	758	1	1	0	4700	2193	44	20	-1	
5	1	758	1	1	1	4700	2193	44	20	15.226135	=
2	1	759	0	0	0	5276	2191	66	14	-1	
3	1	759	1	0	0	5276	2191	66	14	-1	
4	1	759	1	1	0	5276	2191	66	14	-1	
5	1	759	1	1	1	5276	2180	21	29	40.613693	pe
5	1	759	1	1	2	5305	2180	37	29	15.402908	TAs,
2	1	760	0	0	0	6522	2178	50	18	-1	
3	1	760	1	0	0	6522	2178	50	18	-1	
4	1	760	1	1	0	6522	2178	50	18	-1	
5	1	760	1	1	1	6522	2178	50	18	95.639954	Sarai
2	1	761	0	0	0	3042	2198	36	36	-1	
3	1	761	1	0	0	3042	2198	36	36	-1	
4	1	761	1	1	0	3042	2198	36	36	-1	
5	1	761	1	1	1	3042	2198	36	36	50.648170	la
2	1	762	0	0	0	3203	2193	65	26	-1	
3	1	762	1	0	0	3203	2193	65	26	-1	
4	1	762	1	1	0	3203	2193	65	26	-1	
5	1	762	1	1	1	3203	2193	65	26	35.524223	undga:
2	1	763	0	0	0	3278	2212	100	19	-1	
3	1	763	1	0	0	3278	2212	100	19	-1	
4	1	763	1	1	0	3278	2212	100	19	-1	
5	1	763	1	1	1	3278	2212	100	19	0.000000	riwes
2	1	764	0	0	0	3618	2214	42	15	-1	
3	1	764	1	0	0	3618	2214	42	15	-1	
4	1	764	1	1	0	3618	2214	42	15	-1	
5	1	764	1	1	1	3618	2214	42	15	18.561104	aw)
2	1	765	0	0	0	3920	2212	34	22	-1	
3	1	765	1	0	0	3920	2212	34	22	-1	
4	1	765	1	1	0	3920	2212	34	22	-1	
5	1	765	1	1	1	3920	2212	34	22	95.924622	AU,
2	1	766	0	0	0	3977	2213	42	19	-1	
3	1	766	1	0	0	3977	2213	42	19	-1	
4	1	766	1	1	0	3977	2213	42	19	-1	
5	1	766	1	1	1	3977	2213	42	19	65.590073	ERIA
2	1	767	0	0	0	2279	2230	44	18	-1	
3	1	767	1	0	0	2279	2230	44	18	-1	
4	1	767	1	1	0	2279	2230	44	18	-1	
5	1	767	1	1	1	2279	2230	44	18	83.363937	Nant
2	1	768	0	0	0	3228	2226	42	16	-1	
3	1	768	1	0	0	3228	2226	42	16	-1	
4	1	768	1	1	0	3228	2226	42	16	-1	
5	1	768	1	1	1	3228	2226	42	16	50.508522	a>
2	1	769	0	0	0	3694	2233	43	18	-1	
3	1	769	1	0	0	3694	2233	43	18	-1	
4	1	769	1	1	0	3694	2233	43	18	-1	
5	1	769	1	1	1	3694	2233	12	14	57.647614	A
5	1	769	1	1	2	3719	2229	18	32	50.189857	om
2	1	770	0	0	0	3752	2229	102	29	-1	
3	1	770	1	0	0	3752	2229	102	29	-1	
4	1	770	1	1	0	3752	2229	102	29	-1	
5	1	770	1	1	1	3752	2229	102	29	54.606892	Salzburg:
2	1	771	0	0	0	4254	2224	30	24	-1	
3	1	771	1	0	0	4254	2224	30	24	-1	
4	1	771	1	1	0	4254	2224	30	24	-1	
5	1	771	1	1	1	4254	2224	30	24	9.889458	Nz
2	1	772	0	0	0	5747	2252	27	11	-1	
3	1	772	1	0	0	5747	2252	27	11	-1	
4	1	772	1	1	0	5747	2252	27	11	-1	
5	1	772	1	1	1	5747	2252	27	11	56.877693	AS
2	1	773	0	0	0	655	2269	49	16	-1	
3	1	773	1	0	0	655	2269	49	16	-1	
4	1	773	1	1	0	655	2269	49	16	-1	
5	1	773	1	1	1	655	2273	7	8	57.629959	fo
5	1	773	1	1	2	668	2269	36	16	0.000000	Noga
2	1	774	0	0	0	744	2269	39	12	-1	
3	1	774	1	0	0	744	2269	39	12	-1	
4	1	774	1	1	0	744	2269	39	12	-1	
5	1	774	1	1	1	744	2269	16	12	95.768044	To
5	1	774	1	1	2	777	2273	6	8	69.715012	Kai
2	1	775	0	0	0	830	2269	94	12	-1	
3	1	775	1	0	0	830	2269	94	12	-1	
4	1	775	1	1	0	830	2269	94	12	-1	
5	1	775	1	1	1	830	2273	7	8	39.430969	in
5	1	775	1	1	2	853	2269	16	12	68.464264	To
5	1	775	1	1	3	873	2269	51	12	75.242195	Yarkand
2	1	776	0	0	0	2594	2251	114	18	-1	
3	1	776	1	0	0	2594	2251	114	18	-1	
4	1	776	1	1	0	2594	2251	114	18	-1	
5	1	776	1	1	1	2594	2251	114	18	37.639099	Orléans
2	1	777	0	0	0	2967	2259	21	24	-1	
3	1	777	1	0	0	2967	2259	21	24	-1	
4	1	777	1	1	0	2967	2259	21	24	-1	
5	1	777	1	1	1	2967	2259	21	24	0.000000	*
2	1	778	0	0	0	4332	2229	42	38	-1	
3	1	778	1	0	0	4332	2229	42	38	-1	
4	1	778	1	1	0	4332	2229	42	38	-1	
5	1	778	1	1	1	4332	2229	42	38	39.812462	©
2	1	779	0	0	0	4950	2256	44	20	-1	
3	1	779	1	0	0	4950	2256	44	20	-1	
4	1	779	1	1	0	4950	2256	44	20	-1	
5	1	779	1	1	1	4950	2256	44	20	66.490311	ve
2	1	780	0	0	0	481	2256	94	42	-1	
3	1	780	1	0	0	481	2256	94	42	-1	
4	1	780	1	1	0	481	2256	94	42	-1	
5	1	780	1	1	1	481	2269	17	12	85.729660	To
5	1	780	1	1	2	502	2256	55	42	46.548302	Armenia
5	1	780	1	1	3	563	2268	12	18	0.000000	y
2	1	781	0	0	0	668	2291	11	7	-1	
3	1	781	1	0	0	668	2291	11	7	-1	
4	1	781	1	1	0	668	2291	11	7	-1	
5	1	781	1	1	1	668	2291	11	7	10.821136	ae
2	1	782	0	0	0	3080	2269	75	19	-1	
3	1	782	1	0	0	3080	2269	75	19	-1	
4	1	782	1	1	0	3080	2269	75	19	-1	
5	1	782	1	1	1	3080	2269	75	19	70.678101	‘ranche-
2	1	783	0	0	0	3382	2231	56	62	-1	
3	1	783	1	0	0	3382	2231	56	62	-1	
4	1	783	1	1	0	3382	2231	56	62	-1	
5	1	783	1	1	1	3382	2231	56	62	45.992867	e
2	1	784	0	0	0	3496	2246	200	46	-1	
3	1	784	1	0	0	3496	2246	200	46	-1	
4	1	784	1	1	0	3496	2246	200	46	-1	
5	1	784	1	1	1	3496	2246	67	30	54.792259	ayy
5	1	784	1	1	2	3580	2246	46	41	22.059433	—_
5	1	784	1	1	3	3646	2273	50	19	39.743862	me
2	1	785	0	0	0	4000	2261	123	27	-1	
3	1	785	1	0	0	4000	2261	123	27	-1	
4	1	785	1	1	0	4000	2261	123	27	-1	
5	1	785	1	1	1	4000	2263	59	25	25.593735	me
5	1	785	1	1	2	4066	2261	57	18	71.547943	Wien
2	1	786	0	0	0	4545	2261	90	42	-1	
3	1	786	1	0	0	4545	2261	90	42	-1	
4	1	786	1	1	0	4545	2261	90	42	-1	
5	1	786	1	1	1	4545	2261	90	42	74.810043	Szaboles
2	1	787	0	0	0	5685	2299	22	9	-1	
3	1	787	1	0	0	5685	2299	22	9	-1	
4	1	787	1	1	0	5685	2299	22	9	-1	
5	1	787	1	1	1	5685	2299	22	9	29.795715	tee
2	1	788	0	0	0	5729	2274	87	24	-1	
3	1	788	1	0	0	5729	2274	87	24	-1	
4	1	788	1	1	0	5729	2274	87	24	-1	
5	1	788	1	1	1	5729	2274	87	24	88.924957	Zaporoz
2	1	789	0	0	0	6524	2274	50	14	-1	
3	1	789	1	0	0	6524	2274	50	14	-1	
4	1	789	1	1	0	6524	2274	50	14	-1	
5	1	789	1	1	1	6524	2274	50	14	8.348686	KAS
2	1	790	0	0	0	2833	2321	19	8	-1	
3	1	790	1	0	0	2833	2321	19	8	-1	
4	1	790	1	1	0	2833	2321	19	8	-1	
5	1	790	1	1	1	2833	2321	19	8	12.410156	IS
2	1	791	0	0	0	3074	2296	71	18	-1	
3	1	791	1	0	0	3074	2296	71	18	-1	
4	1	791	1	1	0	3074	2296	71	18	-1	
5	1	791	1	1	1	3074	2296	71	18	92.073853	Comté
2	1	792	0	0	0	3245	2267	52	62	-1	
3	1	792	1	0	0	3245	2267	52	62	-1	
4	1	792	1	1	0	3245	2267	52	62	-1	
5	1	792	1	1	1	3245	2267	52	62	90.721535	©
2	1	793	0	0	0	3358	2308	102	20	-1	
3	1	793	1	0	0	3358	2308	102	20	-1	
4	1	793	1	1	0	3358	2308	102	20	-1	
5	1	793	1	1	1	3358	2304	29	33	94.826080	St.
5	1	793	1	1	2	3395	2304	65	33	94.640396	Gallen
2	1	794	0	0	0	4796	2290	113	28	-1	
3	1	794	1	0	0	4796	2290	113	28	-1	
4	1	794	1	1	0	4796	2290	113	28	-1	
5	1	794	1	1	1	4796	2290	113	28	33.507141	SYIVANIA
2	1	795	0	0	0	4944	2311	41	18	-1	
3	1	795	1	0	0	4944	2311	41	18	-1	
4	1	795	1	1	0	4944	2311	41	18	-1	
5	1	795	1	1	1	4944	2311	41	18	63.866367	oN
2	1	796	0	0	0	5528	2304	40	19	-1	
3	1	796	1	0	0	5528	2304	40	19	-1	
4	1	796	1	1	0	5528	2304	40	19	-1	
5	1	796	1	1	1	5528	2304	40	19	46.965981	pies
2	1	797	0	0	0	5873	2255	49	74	-1	
3	1	797	1	0	0	5873	2255	49	74	-1	
4	1	797	1	1	0	5873	2255	49	74	-1	
5	1	797	1	1	1	5873	2255	49	74	0.000000	°
2	1	798	0	0	0	6047	2276	81	45	-1	
3	1	798	1	0	0	6047	2276	81	45	-1	
4	1	798	1	1	0	6047	2276	81	45	-1	
5	1	798	1	1	1	6047	2276	81	45	34.818359	PC
2	1	799	0	0	0	6628	2314	107	19	-1	
3	1	799	1	0	0	6628	2314	107	19	-1	
4	1	799	1	1	0	6628	2314	107	19	-1	
5	1	799	1	1	1	6628	2314	107	19	88.320801	Astrakhan|
2	1	800	0	0	0	651	2309	73	32	-1	
3	1	800	1	0	0	651	2309	73	32	-1	
4	1	800	1	1	0	651	2309	73	32	-1	
5	1	800	1	1	1	651	2309	73	32	45.331573	G-
2	1	801	0	0	0	815	2335	118	19	-1	
3	1	801	1	0	0	815	2335	118	19	-1	
4	1	801	1	1	0	815	2335	118	19	-1	
5	1	801	1	1	1	815	2335	118	19	96.555824	Samarkand
2	1	802	0	0	0	1014	2318	143	25	-1	
3	1	802	1	0	0	1014	2318	143	25	-1	
4	1	802	1	1	0	1014	2318	143	25	-1	
5	1	802	1	1	1	1014	2319	104	24	91.122864	INDIA
5	1	802	1	1	2	1130	2318	27	25	91.122864	&
2	1	803	0	0	0	1904	2300	258	48	-1	
3	1	803	1	0	0	1904	2300	258	48	-1	
4	1	803	1	1	0	1904	2300	258	48	-1	
5	1	803	1	1	1	1904	2300	62	48	96.903419	BAY
5	1	803	1	1	2	1978	2304	45	24	97.012352	OF
5	1	803	1	1	3	2040	2304	122	41	95.026955	Biscay
2	1	804	0	0	0	2949	2324	86	19	-1	
3	1	804	1	0	0	2949	2324	86	19	-1	
4	1	804	1	1	0	2949	2324	86	19	-1	
5	1	804	1	1	1	2949	2324	86	19	71.880081	urgogne
2	1	805	0	0	0	3167	2300	52	56	-1	
3	1	805	1	0	0	3167	2300	52	56	-1	
4	1	805	1	1	0	3167	2300	52	56	-1	
5	1	805	1	1	1	3167	2300	52	56	47.577938	iw
2	1	806	0	0	0	3246	2333	50	18	-1	
3	1	806	1	0	0	3246	2333	50	18	-1	
4	1	806	1	1	0	3246	2333	50	18	-1	
5	1	806	1	1	1	3246	2333	50	18	95.416855	Bern
2	1	807	0	0	0	3543	2310	86	24	-1	
3	1	807	1	0	0	3543	2310	86	24	-1	
4	1	807	1	1	0	3543	2310	86	24	-1	
5	1	807	1	1	1	3543	2313	12	21	49.480072	>)
5	1	807	1	1	2	3577	2310	52	19	93.762375	Tirol
2	1	808	0	0	0	3601	2340	16	7	-1	
3	1	808	1	0	0	3601	2340	16	7	-1	
4	1	808	1	1	0	3601	2340	16	7	-1	
5	1	808	1	1	1	3601	2340	16	7	0.000000	Py
2	1	809	0	0	0	3894	2312	114	24	-1	
3	1	809	1	0	0	3894	2312	114	24	-1	
4	1	809	1	1	0	3894	2312	114	24	-1	
5	1	809	1	1	1	3894	2312	114	24	92.442902	Steiermark
2	1	810	0	0	0	4019	2340	19	13	-1	
3	1	810	1	0	0	4019	2340	19	13	-1	
4	1	810	1	1	0	4019	2340	19	13	-1	
5	1	810	1	1	1	4019	2340	19	13	34.937347	“ae
2	1	811	0	0	0	4725	2303	69	31	-1	
3	1	811	1	0	0	4725	2303	69	31	-1	
4	1	811	1	1	0	4725	2303	69	31	-1	
5	1	811	1	1	1	4725	2303	69	31	83.353180	TRAN
2	1	812	0	0	0	4810	2331	27	18	-1	
3	1	812	1	0	0	4810	2331	27	18	-1	
4	1	812	1	1	0	4810	2331	27	18	-1	
5	1	812	1	1	1	4810	2331	6	18	0.000000	2
5	1	812	1	1	2	4827	2334	10	12	38.326077	a
2	1	813	0	0	0	4838	2322	42	22	-1	
3	1	813	1	0	0	4838	2322	42	22	-1	
4	1	813	1	1	0	4838	2322	42	22	-1	
5	1	813	1	1	1	4838	2322	42	22	16.743858	Ae
2	1	814	0	0	0	4958	2328	40	25	-1	
3	1	814	1	0	0	4958	2328	40	25	-1	
4	1	814	1	1	0	4958	2328	40	25	-1	
5	1	814	1	1	1	4958	2328	40	25	50.835167	\
2	1	815	0	0	0	5109	2269	67	74	-1	
3	1	815	1	0	0	5109	2269	67	74	-1	
4	1	815	1	1	0	5109	2269	67	74	-1	
5	1	815	1	1	1	5109	2269	67	74	74.827721	@
2	1	816	0	0	0	5433	2336	13	14	-1	
3	1	816	1	0	0	5433	2336	13	14	-1	
4	1	816	1	1	0	5433	2336	13	14	-1	
5	1	816	1	1	1	5433	2336	13	14	14.736771	1A)
2	1	817	0	0	0	5840	2337	20	15	-1	
3	1	817	1	0	0	5840	2337	20	15	-1	
4	1	817	1	1	0	5840	2337	20	15	-1	
5	1	817	1	1	1	5840	2337	20	15	81.584145	_K
2	1	818	0	0	0	5909	2341	41	11	-1	
3	1	818	1	0	0	5909	2341	41	11	-1	
4	1	818	1	1	0	5909	2341	41	11	-1	
5	1	818	1	1	1	5909	2341	41	11	55.160595	-Yar
2	1	819	0	0	0	496	2339	48	35	-1	
3	1	819	1	0	0	496	2339	48	35	-1	
4	1	819	1	1	0	496	2339	48	35	-1	
5	1	819	1	1	1	496	2352	8	8	0.000000	a
2	1	820	0	0	0	573	2335	66	41	-1	
3	1	820	1	0	0	573	2335	66	41	-1	
4	1	820	1	1	0	573	2335	66	41	-1	
5	1	820	1	1	1	573	2335	66	41	53.341236	aN
2	1	821	0	0	0	1733	2357	16	8	-1	
3	1	821	1	0	0	1733	2357	16	8	-1	
4	1	821	1	1	0	1733	2357	16	8	-1	
5	1	821	1	1	1	1733	2357	16	8	0.000000	vs
2	1	822	0	0	0	2824	2345	38	16	-1	
3	1	822	1	0	0	2824	2345	38	16	-1	
4	1	822	1	1	0	2824	2345	38	16	-1	
5	1	822	1	1	1	2824	2345	38	16	0.000000	ee
2	1	823	0	0	0	3361	2325	29	33	-1	
3	1	823	1	0	0	3361	2325	29	33	-1	
4	1	823	1	1	0	3361	2325	29	33	-1	
5	1	823	1	1	1	3361	2325	29	33	39.073662	woh
2	1	824	0	0	0	3714	2350	57	17	-1	
3	1	824	1	0	0	3714	2350	57	17	-1	
4	1	824	1	1	0	3714	2350	57	17	-1	
5	1	824	1	1	1	3714	2350	57	17	55.423168	Lienz
2	1	825	0	0	0	3806	2341	85	18	-1	
3	1	825	1	0	0	3806	2341	85	18	-1	
4	1	825	1	1	0	3806	2341	85	18	-1	
5	1	825	1	1	1	3806	2341	85	18	81.981384	Karnten
2	1	826	0	0	0	4069	2335	49	22	-1	
3	1	826	1	0	0	4069	2335	49	22	-1	
4	1	826	1	1	0	4069	2335	49	22	-1	
5	1	826	1	1	1	4069	2335	49	22	13.242645	ek
2	1	827	0	0	0	4233	2346	31	13	-1	
3	1	827	1	0	0	4233	2346	31	13	-1	
4	1	827	1	1	0	4233	2346	31	13	-1	
5	1	827	1	1	1	4233	2352	5	6	30.709312	|
5	1	827	1	1	2	4252	2346	12	13	41.903210	he
2	1	828	0	0	0	4305	2367	13	11	-1	
3	1	828	1	0	0	4305	2367	13	11	-1	
4	1	828	1	1	0	4305	2367	13	11	-1	
5	1	828	1	1	1	4305	2367	13	11	17.659981	i
2	1	829	0	0	0	4418	2350	155	24	-1	
3	1	829	1	0	0	4418	2350	155	24	-1	
4	1	829	1	1	0	4418	2350	155	24	-1	
5	1	829	1	1	1	4418	2350	155	24	92.674393	HUNGARIAN
2	1	830	0	0	0	4874	2344	6	20	-1	
3	1	830	1	0	0	4874	2344	6	20	-1	
4	1	830	1	1	0	4874	2344	6	20	-1	
5	1	830	1	1	1	4874	2344	6	20	0.000000	j}
2	1	831	0	0	0	5105	2348	82	18	-1	
3	1	831	1	0	0	5105	2348	82	18	-1	
4	1	831	1	1	0	5105	2348	82	18	-1	
5	1	831	1	1	1	5105	2348	82	18	96.586105	Suceava
2	1	832	0	0	0	5299	2356	32	18	-1	
3	1	832	1	0	0	5299	2356	32	18	-1	
4	1	832	1	1	0	5299	2356	32	18	-1	
5	1	832	1	1	1	5299	2356	32	18	72.824631	DAS
2	1	833	0	0	0	5515	2325	33	34	-1	
3	1	833	1	0	0	5515	2325	33	34	-1	
4	1	833	1	1	0	5515	2325	33	34	-1	
5	1	833	1	1	1	5515	2325	33	34	54.208611	iw)
2	1	834	0	0	0	6430	2364	40	10	-1	
3	1	834	1	0	0	6430	2364	40	10	-1	
4	1	834	1	1	0	6430	2364	40	10	-1	
5	1	834	1	1	1	6430	2364	40	10	16.245361	Se
2	1	835	0	0	0	735	2305	69	75	-1	
3	1	835	1	0	0	735	2305	69	75	-1	
4	1	835	1	1	0	735	2305	69	75	-1	
5	1	835	1	1	1	735	2305	69	75	53.066582	e
2	1	836	0	0	0	1018	2349	132	52	-1	
3	1	836	1	0	0	1018	2349	132	52	-1	
4	1	836	1	1	0	1018	2349	132	52	-1	
5	1	836	1	1	1	1018	2349	132	52	96.474297	ARABIA
2	1	837	0	0	0	2948	2353	148	42	-1	
3	1	837	1	0	0	2948	2353	148	42	-1	
4	1	837	1	1	0	2948	2353	148	42	-1	
5	1	837	1	1	1	2948	2353	142	42	96.237610	BURGUNDY
5	1	837	1	1	2	3093	2353	3	3	55.963394	i
2	1	838	0	0	0	3108	2368	164	22	-1	
3	1	838	1	0	0	3108	2368	164	22	-1	
4	1	838	1	1	0	3108	2368	164	22	-1	
5	1	838	1	1	1	3108	2375	14	15	37.813686	<@
5	1	838	1	1	2	3157	2368	115	20	0.000000	Genévey)
2	1	839	0	0	0	3386	2389	39	12	-1	
3	1	839	1	0	0	3386	2389	39	12	-1	
4	1	839	1	1	0	3386	2389	39	12	-1	
5	1	839	1	1	1	3386	2389	39	12	51.308537	aA
2	1	840	0	0	0	3466	2381	20	15	-1	
3	1	840	1	0	0	3466	2381	20	15	-1	
4	1	840	1	1	0	3466	2381	20	15	-1	
5	1	840	1	1	1	3466	2381	20	15	20.961586	“adh
2	1	841	0	0	0	3716	2374	81	21	-1	
3	1	841	1	0	0	3716	2374	81	21	-1	
4	1	841	1	1	0	3716	2374	81	21	-1	
5	1	841	1	1	1	3716	2374	81	21	29.456085	EE
2	1	842	0	0	0	3840	2371	29	12	-1	
3	1	842	1	0	0	3840	2371	29	12	-1	
4	1	842	1	1	0	3840	2371	29	12	-1	
5	1	842	1	1	1	3840	2371	29	12	58.061523	ak
2	1	843	0	0	0	3889	2365	187	34	-1	
3	1	843	1	0	0	3889	2365	187	34	-1	
4	1	843	1	1	0	3889	2365	187	34	-1	
5	1	843	1	1	1	3889	2386	41	13	42.937580	a
5	1	843	1	1	2	3963	2365	113	28	19.648964	Dee
2	1	844	0	0	0	4442	2378	92	20	-1	
3	1	844	1	0	0	4442	2378	92	20	-1	
4	1	844	1	1	0	4442	2378	92	20	-1	
5	1	844	1	1	1	4442	2389	4	7	9.436043	>
5	1	844	1	1	2	4458	2378	76	20	95.507103	PLAIN
2	1	845	0	0	0	5263	2363	32	19	-1	
3	1	845	1	0	0	5263	2363	32	19	-1	
4	1	845	1	1	0	5263	2363	32	19	-1	
5	1	845	1	1	1	5263	2363	32	19	76.415680	ou
2	1	846	0	0	0	5465	2329	37	62	-1	
3	1	846	1	0	0	5465	2329	37	62	-1	
4	1	846	1	1	0	5465	2329	37	62	-1	
5	1	846	1	1	1	5465	2329	37	62	19.109573	®
2	1	847	0	0	0	6078	2341	67	39	-1	
3	1	847	1	0	0	6078	2341	67	39	-1	
4	1	847	1	1	0	6078	2341	67	39	-1	
5	1	847	1	1	1	6078	2341	67	39	41.538803	ee
2	1	848	0	0	0	688	2389	67	32	-1	
3	1	848	1	0	0	688	2389	67	32	-1	
4	1	848	1	1	0	688	2389	67	32	-1	
5	1	848	1	1	1	688	2389	67	32	28.691475	gant
2	1	849	0	0	0	931	2407	41	15	-1	
3	1	849	1	0	0	931	2407	41	15	-1	
4	1	849	1	1	0	931	2407	41	15	-1	
5	1	849	1	1	1	931	2407	41	15	0.000000	~tm\-
2	1	850	0	0	0	1694	2406	100	19	-1	
3	1	850	1	0	0	1694	2406	100	19	-1	
4	1	850	1	1	0	1694	2406	100	19	-1	
5	1	850	1	1	1	1694	2406	100	19	96.507507	Bordeaux
2	1	851	0	0	0	2355	2389	104	25	-1	
3	1	851	1	0	0	2355	2389	104	25	-1	
4	1	851	1	1	0	2355	2389	104	25	-1	
5	1	851	1	1	1	2355	2389	104	25	54.174019	Sattonge
2	1	852	0	0	0	3930	2415	12	9	-1	
3	1	852	1	0	0	3930	2415	12	9	-1	
4	1	852	1	1	0	3930	2415	12	9	-1	
5	1	852	1	1	1	3930	2415	12	9	35.850899	5
2	1	853	0	0	0	5106	2405	15	15	-1	
3	1	853	1	0	0	5106	2405	15	15	-1	
4	1	853	1	1	0	5106	2405	15	15	-1	
5	1	853	1	1	1	5106	2405	15	15	18.940117	a
2	1	854	0	0	0	5461	2398	54	18	-1	
3	1	854	1	0	0	5461	2398	54	18	-1	
4	1	854	1	1	0	5461	2398	54	18	-1	
5	1	854	1	1	1	5461	2398	54	18	72.703354	disani
2	1	855	0	0	0	2100	2421	9	9	-1	
3	1	855	1	0	0	2100	2421	9	9	-1	
4	1	855	1	1	0	2100	2421	9	9	-1	
5	1	855	1	1	1	2100	2421	9	9	63.997303	&
2	1	856	0	0	0	2694	2382	191	65	-1	
3	1	856	1	0	0	2694	2382	191	65	-1	
4	1	856	1	1	0	2694	2382	191	65	-1	
5	1	856	1	1	1	2694	2382	76	65	35.430687	Loins
5	1	856	1	1	2	2778	2412	2	2	0.000000	s
5	1	856	1	1	3	2792	2384	78	42	33.837479	Bourba
5	1	856	1	1	4	2876	2408	9	8	52.415699	n
2	1	857	0	0	0	3468	2416	64	17	-1	
3	1	857	1	0	0	3468	2416	64	17	-1	
4	1	857	1	1	0	3468	2416	64	17	-1	
5	1	857	1	1	1	3468	2416	64	17	15.350647	a
5	1	857	1	1	2	3519	2412	16	29	25.981369	Fe
2	1	858	0	0	0	3647	2415	43	20	-1	
3	1	858	1	0	0	3647	2415	43	20	-1	
4	1	858	1	1	0	3647	2415	43	20	-1	
5	1	858	1	1	1	3647	2415	43	20	22.289116	SA
2	1	859	0	0	0	3768	2421	59	34	-1	
3	1	859	1	0	0	3768	2421	59	34	-1	
4	1	859	1	1	0	3768	2421	59	34	-1	
5	1	859	1	1	1	3768	2421	59	34	7.696518	Boxy
2	1	860	0	0	0	4725	2407	42	23	-1	
3	1	860	1	0	0	4725	2407	42	23	-1	
4	1	860	1	1	0	4725	2407	42	23	-1	
5	1	860	1	1	1	4725	2407	42	23	31.097061	a
2	1	861	0	0	0	5202	2411	26	15	-1	
3	1	861	1	0	0	5202	2411	26	15	-1	
4	1	861	1	1	0	5202	2411	26	15	-1	
5	1	861	1	1	1	5202	2411	9	15	3.325317	EY
2	1	862	0	0	0	6392	2369	40	57	-1	
3	1	862	1	0	0	6392	2369	79	66	-1	
4	1	862	1	1	0	6392	2369	40	57	-1	
5	1	862	1	1	1	6392	2369	40	57	0.000000	h
2	1	863	0	0	0	557	2361	48	91	-1	
3	1	863	1	0	0	557	2361	48	91	-1	
4	1	863	1	1	0	557	2361	48	91	-1	
5	1	863	1	1	1	557	2361	48	91	23.898529	.
2	1	864	0	0	0	794	2413	48	58	-1	
3	1	864	1	0	0	794	2413	48	58	-1	
4	1	864	1	1	0	794	2413	48	58	-1	
5	1	864	1	1	1	794	2413	48	58	74.753357	@
2	1	865	0	0	0	1032	2450	35	20	-1	
3	1	865	1	0	0	1032	2450	35	20	-1	
4	1	865	1	1	0	1032	2450	35	20	-1	
5	1	865	1	1	1	1032	2450	35	20	11.502014	ea
2	1	866	0	0	0	3500	2457	29	14	-1	
3	1	866	1	0	0	3500	2457	29	14	-1	
4	1	866	1	1	0	3500	2457	29	14	-1	
5	1	866	1	1	1	3500	2457	29	14	29.747017	era
2	1	867	0	0	0	3528	2445	33	14	-1	
3	1	867	1	0	0	3528	2445	33	14	-1	
4	1	867	1	1	0	3528	2445	33	14	-1	
5	1	867	1	1	1	3528	2445	33	14	17.543167	pa
2	1	868	0	0	0	3662	2439	44	21	-1	
3	1	868	1	0	0	3662	2439	44	21	-1	
4	1	868	1	1	0	3662	2439	44	21	-1	
5	1	868	1	1	1	3662	2435	15	37	16.928032	of
2	1	869	0	0	0	3702	2420	34	33	-1	
3	1	869	1	0	0	3702	2420	34	33	-1	
4	1	869	1	1	0	3702	2420	34	33	-1	
5	1	869	1	1	1	3702	2420	34	33	19.022018	<
2	1	870	0	0	0	3818	2448	26	20	-1	
3	1	870	1	0	0	3818	2448	26	20	-1	
4	1	870	1	1	0	3818	2448	26	20	-1	
5	1	870	1	1	1	3818	2448	26	20	20.786682	ie
2	1	871	0	0	0	4755	2430	9	22	-1	
3	1	871	1	0	0	4755	2430	9	22	-1	
4	1	871	1	1	0	4755	2430	9	22	-1	
5	1	871	1	1	1	4755	2430	9	22	0.000000	i}
2	1	872	0	0	0	6466	2438	27	28	-1	
3	1	872	1	0	0	6466	2438	27	28	-1	
4	1	872	1	1	0	6466	2438	27	28	-1	
5	1	872	1	1	1	6466	2438	27	28	22.010025	4
2	1	873	0	0	0	569	2455	67	19	-1	
3	1	873	1	0	0	569	2455	67	19	-1	
4	1	873	1	1	0	569	2455	67	19	-1	
5	1	873	1	1	1	569	2455	67	19	24.760101	sfahan
2	1	874	0	0	0	786	2474	86	20	-1	
3	1	874	1	0	0	786	2474	86	20	-1	
4	1	874	1	1	0	786	2474	86	20	-1	
5	1	874	1	1	1	786	2474	86	20	91.034233	Balkh
5	1	874	1	1	2	858	2470	18	34	74.464447	~
2	1	875	0	0	0	2337	2443	44	44	-1	
3	1	875	1	0	0	2337	2443	44	44	-1	
4	1	875	1	1	0	2337	2443	44	44	-1	
5	1	875	1	1	1	2337	2443	44	44	38.306843	@
2	1	876	0	0	0	2982	2466	20	18	-1	
3	1	876	1	0	0	2982	2466	20	18	-1	
4	1	876	1	1	0	2982	2466	20	18	-1	
5	1	876	1	1	1	2982	2466	20	18	68.648582	&
2	1	877	0	0	0	3292	2461	47	20	-1	
3	1	877	1	0	0	3292	2461	47	20	-1	
4	1	877	1	1	0	3292	2461	47	20	-1	
5	1	877	1	1	1	3292	2461	47	20	33.571999	wy,
2	1	878	0	0	0	4034	2452	40	32	-1	
3	1	878	1	0	0	4034	2452	40	32	-1	
4	1	878	1	1	0	4034	2452	40	32	-1	
5	1	878	1	1	1	4034	2454	13	30	0.000000	)
5	1	878	1	1	2	4050	2452	24	18	0.000000	Iq
2	1	879	0	0	0	4900	2470	41	23	-1	
3	1	879	1	0	0	4900	2470	41	23	-1	
4	1	879	1	1	0	4900	2470	41	23	-1	
5	1	879	1	1	1	4900	2470	41	23	19.367676	Re
2	1	880	0	0	0	6604	2430	62	56	-1	
3	1	880	1	0	0	6604	2430	62	56	-1	
4	1	880	1	1	0	6604	2430	62	56	-1	
5	1	880	1	1	1	6604	2430	62	56	65.971527	ae
2	1	881	0	0	0	496	2493	56	17	-1	
3	1	881	1	0	0	496	2493	56	17	-1	
4	1	881	1	1	0	496	2493	56	17	-1	
5	1	881	1	1	1	496	2493	56	17	93.302658	Basra
2	1	882	0	0	0	1013	2469	66	33	-1	
3	1	882	1	0	0	1013	2469	66	33	-1	
4	1	882	1	1	0	1013	2469	66	33	-1	
5	1	882	1	1	1	1013	2469	66	33	42.962399	me
2	1	883	0	0	0	1714	2453	62	59	-1	
3	1	883	1	0	0	1714	2453	62	59	-1	
4	1	883	1	1	0	1714	2453	62	59	-1	
5	1	883	1	1	1	1714	2453	62	59	86.843582	ag
2	1	884	0	0	0	2410	2491	21	15	-1	
3	1	884	1	0	0	2410	2491	21	15	-1	
4	1	884	1	1	0	2410	2491	21	15	-1	
5	1	884	1	1	1	2410	2491	21	15	82.261162	&
2	1	885	0	0	0	2482	2501	12	16	-1	
3	1	885	1	0	0	2482	2501	12	16	-1	
4	1	885	1	1	0	2482	2501	12	16	-1	
5	1	885	1	1	1	2482	2501	12	16	27.759727	Ls
2	1	886	0	0	0	2657	2473	39	26	-1	
3	1	886	1	0	0	2657	2473	39	26	-1	
4	1	886	1	1	0	2657	2473	39	26	-1	
5	1	886	1	1	1	2657	2473	39	26	74.021133	ee
2	1	887	0	0	0	3101	2426	67	89	-1	
3	1	887	1	0	0	3101	2426	67	89	-1	
4	1	887	1	1	0	3101	2426	67	89	-1	
5	1	887	1	1	1	3101	2426	67	89	0.000000	F
2	1	888	0	0	0	3697	2476	70	20	-1	
3	1	888	1	0	0	3682	2476	85	29	-1	
4	1	888	1	1	0	3697	2476	70	20	-1	
5	1	888	1	1	1	3697	2476	70	20	94.946548	Treviso
2	1	889	0	0	0	3951	2486	99	29	-1	
3	1	889	1	0	0	3951	2486	99	29	-1	
4	1	889	1	1	0	3951	2486	99	29	-1	
5	1	889	1	1	1	3951	2486	99	29	0.000000	A
5	1	889	1	1	2	4027	2482	27	44	0.000000	~¢
2	1	890	0	0	0	4122	2487	58	25	-1	
3	1	890	1	0	0	4122	2487	58	25	-1	
4	1	890	1	1	0	4122	2487	58	25	-1	
5	1	890	1	1	1	4122	2487	58	25	62.290047	Zagrel
2	1	891	0	0	0	4717	2493	27	12	-1	
3	1	891	1	0	0	4717	2493	27	12	-1	
4	1	891	1	1	0	4717	2493	27	12	-1	
5	1	891	1	1	1	4717	2493	27	12	33.268440	Un)
2	1	892	0	0	0	5690	2433	54	70	-1	
3	1	892	1	0	0	5690	2433	54	70	-1	
4	1	892	1	1	0	5690	2433	54	70	-1	
5	1	892	1	1	1	5690	2433	54	70	35.438644	Li)
2	1	893	0	0	0	6293	2486	62	23	-1	
3	1	893	1	0	0	6293	2486	62	23	-1	
4	1	893	1	1	0	6293	2486	62	23	-1	
5	1	893	1	1	1	6293	2486	62	23	92.664917	Majar
2	1	894	0	0	0	624	2486	49	54	-1	
3	1	894	1	0	0	624	2486	49	54	-1	
4	1	894	1	1	0	624	2486	49	54	-1	
5	1	894	1	1	1	624	2486	49	54	56.316078	a
2	1	895	0	0	0	682	2500	52	18	-1	
3	1	895	1	0	0	682	2500	52	18	-1	
4	1	895	1	1	0	682	2500	52	18	-1	
5	1	895	1	1	1	682	2500	52	18	1.876945	Hera
2	1	896	0	0	0	922	2515	37	19	-1	
3	1	896	1	0	0	922	2515	37	19	-1	
4	1	896	1	1	0	922	2515	37	19	-1	
5	1	896	1	1	1	922	2515	37	19	89.139778	Dell
2	1	897	0	0	0	2990	2513	26	7	-1	
3	1	897	1	0	0	2990	2513	26	7	-1	
4	1	897	1	1	0	2990	2513	26	7	-1	
5	1	897	1	1	1	2990	2513	26	7	45.750809	ail
2	1	898	0	0	0	3324	2508	72	32	-1	
3	1	898	1	0	0	3324	2508	72	32	-1	
4	1	898	1	1	0	3324	2508	72	32	-1	
5	1	898	1	1	1	3324	2508	15	32	0.467484	»
5	1	898	1	1	2	3357	2508	39	32	91.688866	Mil
2	1	899	0	0	0	3507	2521	55	18	-1	
3	1	899	1	0	0	3507	2521	55	18	-1	
4	1	899	1	1	0	3507	2521	55	18	-1	
5	1	899	1	1	1	3507	2521	55	18	87.185692	Bresc
2	1	900	0	0	0	3800	2468	130	61	-1	
3	1	900	1	0	0	3800	2468	130	61	-1	
4	1	900	1	1	0	3800	2468	130	61	-1	
5	1	900	1	1	1	3800	2479	40	31	0.000000	@
5	1	900	1	1	2	3849	2468	81	61	68.383316	om
2	1	901	0	0	0	3953	2517	55	19	-1	
3	1	901	1	0	0	3953	2517	55	19	-1	
4	1	901	1	1	0	3953	2517	55	19	-1	
5	1	901	1	1	1	3953	2517	55	19	52.916180	gus
2	1	902	0	0	0	4409	2525	18	6	-1	
3	1	902	1	0	0	4409	2525	18	6	-1	
4	1	902	1	1	0	4409	2525	18	6	-1	
5	1	902	1	1	1	4409	2525	18	6	19.095840	nine
2	1	903	0	0	0	4817	2511	135	19	-1	
3	1	903	1	0	0	4817	2511	135	19	-1	
4	1	903	1	1	0	4817	2511	135	19	-1	
5	1	903	1	1	1	4817	2511	135	19	0.000000	wy
5	1	903	1	1	2	4920	2501	36	35	10.934334	ew
2	1	904	0	0	0	4989	2514	47	16	-1	
3	1	904	1	0	0	4989	2514	47	16	-1	
4	1	904	1	1	0	4989	2514	47	16	-1	
5	1	904	1	1	1	4989	2514	47	16	64.804276	rw
2	1	905	0	0	0	5107	2489	47	51	-1	
3	1	905	1	0	0	5107	2489	47	51	-1	
4	1	905	1	1	0	5107	2489	47	51	-1	
5	1	905	1	1	1	5107	2489	47	51	41.075245	o~
2	1	906	0	0	0	5262	2513	105	21	-1	
3	1	906	1	0	0	5262	2513	105	21	-1	
4	1	906	1	1	0	5262	2513	105	21	-1	
5	1	906	1	1	1	5262	2513	105	21	50.574806	Basarabia,
2	1	907	0	0	0	5661	2495	96	31	-1	
3	1	907	1	0	0	5661	2495	96	31	-1	
4	1	907	1	1	0	5661	2495	96	31	-1	
5	1	907	1	1	1	5661	2515	7	2	36.078720	=
5	1	907	1	1	2	5674	2495	83	31	36.078720	Crimea
2	1	908	0	0	0	270	2470	84	79	-1	
3	1	908	1	0	0	270	2470	84	79	-1	
4	1	908	1	1	0	270	2470	84	79	-1	
5	1	908	1	1	1	270	2470	84	79	40.804466	(2)
2	1	909	0	0	0	597	2519	32	27	-1	
3	1	909	1	0	0	597	2519	32	27	-1	
4	1	909	1	1	0	597	2519	32	27	-1	
5	1	909	1	1	1	597	2519	32	27	0.000000	Gs
2	1	910	0	0	0	849	2527	68	34	-1	
3	1	910	1	0	0	849	2527	68	34	-1	
4	1	910	1	1	0	849	2527	68	34	-1	
5	1	910	1	1	1	849	2527	68	34	32.594101	ox
2	1	911	0	0	0	1061	2505	70	50	-1	
3	1	911	1	0	0	1061	2505	70	50	-1	
4	1	911	1	1	0	1061	2505	70	50	-1	
5	1	911	1	1	1	1061	2505	14	49	42.667961	)
2	1	912	0	0	0	2645	2539	89	13	-1	
3	1	912	1	0	0	2645	2539	89	13	-1	
4	1	912	1	1	0	2645	2539	89	13	-1	
5	1	912	1	1	1	2645	2539	79	13	29.080368	{MOusiN
2	1	913	0	0	0	2979	2530	39	18	-1	
3	1	913	1	0	0	2979	2530	39	18	-1	
4	1	913	1	1	0	2979	2530	39	18	-1	
5	1	913	1	1	1	2979	2530	39	18	77.075760	you
2	1	914	0	0	0	3102	2519	93	27	-1	
3	1	914	1	0	0	3102	2519	93	27	-1	
4	1	914	1	1	0	3102	2519	93	27	-1	
5	1	914	1	1	1	3102	2519	48	19	69.501411	Savoie’
5	1	914	1	1	2	3178	2523	17	23	29.297455	p,
2	1	915	0	0	0	3602	2491	106	53	-1	
3	1	915	1	0	0	3602	2491	106	53	-1	
4	1	915	1	1	0	3602	2491	106	53	-1	
5	1	915	1	1	1	3602	2504	17	29	72.200661	1
5	1	915	1	1	2	3657	2491	51	53	30.774338	@
2	1	916	0	0	0	5113	2508	46	48	-1	
3	1	916	1	0	0	5113	2508	46	48	-1	
4	1	916	1	1	0	5113	2508	46	48	-1	
5	1	916	1	1	1	5113	2508	46	48	79.944382	@
2	1	917	0	0	0	635	2568	29	12	-1	
3	1	917	1	0	0	635	2568	29	12	-1	
4	1	917	1	1	0	635	2568	29	12	-1	
5	1	917	1	1	1	635	2568	29	12	93.619759	‘ars
2	1	918	0	0	0	2551	2540	27	34	-1	
3	1	918	1	0	0	2551	2540	27	34	-1	
4	1	918	1	1	0	2551	2540	27	34	-1	
5	1	918	1	1	1	2551	2540	27	34	22.904655	rss
2	1	919	0	0	0	2928	2551	58	26	-1	
3	1	919	1	0	0	2928	2551	58	26	-1	
4	1	919	1	1	0	2928	2551	58	26	-1	
5	1	919	1	1	1	2928	2551	58	26	37.870361	fo
2	1	920	0	0	0	3600	2544	23	35	-1	
3	1	920	1	0	0	3600	2544	23	35	-1	
4	1	920	1	1	0	3600	2544	23	35	-1	
5	1	920	1	1	1	3600	2544	23	35	63.117603	\
2	1	921	0	0	0	3872	2540	76	37	-1	
3	1	921	1	0	0	3872	2540	76	37	-1	
4	1	921	1	1	0	3872	2540	76	37	-1	
5	1	921	1	1	1	3872	2540	76	37	7.518913	ee
2	1	922	0	0	0	4134	2544	50	30	-1	
3	1	922	1	0	0	4134	2544	50	30	-1	
4	1	922	1	1	0	4134	2544	50	30	-1	
5	1	922	1	1	1	4134	2544	50	30	85.564995	CRo
2	1	923	0	0	0	4297	2564	15	10	-1	
3	1	923	1	0	0	4297	2564	15	10	-1	
4	1	923	1	1	0	4297	2564	15	10	-1	
5	1	923	1	1	1	4297	2564	15	10	76.002029	e
2	1	924	0	0	0	4332	2544	17	21	-1	
3	1	924	1	0	0	4332	2544	17	21	-1	
4	1	924	1	1	0	4332	2544	17	21	-1	
5	1	924	1	1	1	4332	2544	17	21	0.000000	iS
2	1	925	0	0	0	5815	2549	46	19	-1	
3	1	925	1	0	0	5815	2549	46	19	-1	
4	1	925	1	1	0	5815	2549	46	19	-1	
5	1	925	1	1	1	5815	2549	46	19	50.432289	Caffe
2	1	926	0	0	0	465	2580	39	25	-1	
3	1	926	1	0	0	465	2580	39	25	-1	
4	1	926	1	1	0	465	2580	39	25	-1	
5	1	926	1	1	1	465	2580	39	25	0.000000	4
2	1	927	0	0	0	707	2579	48	19	-1	
3	1	927	1	0	0	707	2579	48	19	-1	
4	1	927	1	1	0	707	2579	48	19	-1	
5	1	927	1	1	1	707	2579	48	19	94.899857	Balu
2	1	928	0	0	0	780	2584	49	14	-1	
3	1	928	1	0	0	780	2584	49	14	-1	
4	1	928	1	1	0	780	2584	49	14	-1	
5	1	928	1	1	1	780	2584	49	14	11.385971	stan)
2	1	929	0	0	0	1009	2581	57	20	-1	
3	1	929	1	0	0	1009	2581	57	20	-1	
4	1	929	1	1	0	1009	2581	57	20	-1	
5	1	929	1	1	1	1009	2581	57	20	92.513321	Doab
2	1	930	0	0	0	2476	2581	58	23	-1	
3	1	930	1	0	0	2476	2581	58	23	-1	
4	1	930	1	1	0	2476	2581	58	23	-1	
5	1	930	1	1	1	2476	2581	58	23	0.000000	‘TALN
2	1	931	0	0	0	3128	2583	40	20	-1	
3	1	931	1	0	0	3128	2583	40	20	-1	
4	1	931	1	1	0	3128	2583	40	20	-1	
5	1	931	1	1	1	3128	2583	40	20	37.029171	‘hl
2	1	932	0	0	0	3418	2572	97	18	-1	
3	1	932	1	0	0	3418	2572	97	18	-1	
4	1	932	1	1	0	3418	2572	97	18	-1	
5	1	932	1	1	1	3418	2572	97	18	96.228935	Cremona
2	1	933	0	0	0	3576	2579	58	23	-1	
3	1	933	1	0	0	3576	2579	58	23	-1	
4	1	933	1	1	0	3576	2579	58	23	-1	
5	1	933	1	1	1	3576	2579	58	23	33.656837	ANY
2	1	934	0	0	0	3660	2575	32	12	-1	
3	1	934	1	0	0	3660	2575	32	12	-1	
4	1	934	1	1	0	3660	2575	32	12	-1	
5	1	934	1	1	1	3660	2575	32	12	46.490646	ero!
2	1	935	0	0	0	4143	2572	36	27	-1	
3	1	935	1	0	0	4143	2572	36	27	-1	
4	1	935	1	1	0	4143	2572	36	27	-1	
5	1	935	1	1	1	4143	2572	36	27	56.032799	Bo.
2	1	936	0	0	0	4180	2563	55	29	-1	
3	1	936	1	0	0	4180	2563	55	29	-1	
4	1	936	1	1	0	4180	2563	55	29	-1	
5	1	936	1	1	1	4180	2563	55	29	19.001709	Baz
2	1	937	0	0	0	4602	2572	48	17	-1	
3	1	937	1	0	0	4602	2572	48	17	-1	
4	1	937	1	1	0	4602	2572	48	17	-1	
5	1	937	1	1	1	4602	2572	48	17	51.020317	=
2	1	938	0	0	0	4662	2575	66	24	-1	
3	1	938	1	0	0	4662	2575	66	24	-1	
4	1	938	1	1	0	4662	2575	66	24	-1	
5	1	938	1	1	1	4662	2575	66	24	65.040298	wy
2	1	939	0	0	0	4922	2565	46	22	-1	
3	1	939	1	0	0	4922	2565	46	22	-1	
4	1	939	1	1	0	4922	2565	46	22	-1	
5	1	939	1	1	1	4922	2565	46	22	7.801933	PX
2	1	940	0	0	0	5101	2572	66	18	-1	
3	1	940	1	0	0	5101	2572	66	18	-1	
4	1	940	1	1	0	5101	2572	66	18	-1	
5	1	940	1	1	1	5101	2572	66	18	92.245255	Buzau
2	1	941	0	0	0	435	2593	25	34	-1	
3	1	941	1	0	0	435	2593	25	34	-1	
4	1	941	1	1	0	435	2593	25	34	-1	
5	1	941	1	1	1	435	2593	25	34	26.729446	tf
2	1	942	0	0	0	514	2605	50	24	-1	
3	1	942	1	0	0	514	2605	50	24	-1	
4	1	942	1	1	0	514	2605	50	24	-1	
5	1	942	1	1	1	514	2605	50	24	46.249500	Najd
2	1	943	0	0	0	650	2583	55	27	-1	
3	1	943	1	0	0	650	2583	55	27	-1	
4	1	943	1	1	0	650	2583	55	27	-1	
5	1	943	1	1	1	650	2583	55	27	23.961990	ya
2	1	944	0	0	0	2415	2592	52	28	-1	
3	1	944	1	0	0	2415	2592	52	28	-1	
4	1	944	1	1	0	2415	2592	52	28	-1	
5	1	944	1	1	1	2415	2592	52	28	19.899734	AOU
2	1	945	0	0	0	2920	2567	47	61	-1	
3	1	945	1	0	0	2920	2567	47	61	-1	
4	1	945	1	1	0	2920	2567	47	61	-1	
5	1	945	1	1	1	2920	2567	47	61	28.599503	ww
2	1	946	0	0	0	3355	2608	68	9	-1	
3	1	946	1	0	0	3355	2608	68	9	-1	
4	1	946	1	1	0	3355	2608	68	9	-1	
5	1	946	1	1	1	3355	2608	68	9	8.741753	Byers.
2	1	947	0	0	0	3493	2595	45	22	-1	
3	1	947	1	0	0	3493	2595	45	22	-1	
4	1	947	1	1	0	3493	2595	45	22	-1	
5	1	947	1	1	1	3493	2595	45	22	40.873055	gx
2	1	948	0	0	0	4282	2619	43	12	-1	
3	1	948	1	0	0	4282	2619	43	12	-1	
4	1	948	1	1	0	4282	2619	43	12	-1	
5	1	948	1	1	1	4282	2619	43	12	16.251900	OSD:
2	1	949	0	0	0	4866	2608	26	15	-1	
3	1	949	1	0	0	4866	2608	26	15	-1	
4	1	949	1	1	0	4866	2608	26	15	-1	
5	1	949	1	1	1	4866	2608	26	15	44.531830	PAG
2	1	950	0	0	0	4870	2619	19	12	-1	
3	1	950	1	0	0	4870	2619	19	12	-1	
4	1	950	1	1	0	4870	2619	19	12	-1	
5	1	950	1	1	1	4870	2619	19	12	40.884209	ae
2	1	951	0	0	0	5204	2603	14	16	-1	
3	1	951	1	0	0	5204	2603	14	16	-1	
4	1	951	1	1	0	5204	2603	14	16	-1	
5	1	951	1	1	1	5204	2603	14	16	48.747322	sis
2	1	952	0	0	0	435	2627	24	26	-1	
3	1	952	1	0	0	435	2627	24	26	-1	
4	1	952	1	1	0	435	2627	24	26	-1	
5	1	952	1	1	1	435	2627	24	26	71.662598	©
2	1	953	0	0	0	477	2630	26	19	-1	
3	1	953	1	0	0	477	2630	26	19	-1	
4	1	953	1	1	0	477	2630	26	19	-1	
5	1	953	1	1	1	477	2630	26	19	30.416321	\g
2	1	954	0	0	0	818	2600	33	37	-1	
3	1	954	1	0	0	818	2600	33	37	-1	
4	1	954	1	1	0	818	2600	33	37	-1	
5	1	954	1	1	1	818	2600	33	37	86.837402	©
2	1	955	0	0	0	966	2602	63	35	-1	
3	1	955	1	0	0	966	2602	63	35	-1	
4	1	955	1	1	0	966	2602	63	35	-1	
5	1	955	1	1	1	966	2602	63	35	67.218002	a
2	1	956	0	0	0	1080	2552	79	92	-1	
3	1	956	1	0	0	1080	2552	79	92	-1	
4	1	956	1	1	0	1080	2552	79	92	-1	
5	1	956	1	1	1	1080	2552	79	92	0.000000	®
2	1	957	0	0	0	1966	2629	69	19	-1	
3	1	957	1	0	0	1966	2629	69	19	-1	
4	1	957	1	1	0	1966	2629	69	19	-1	
5	1	957	1	1	1	1966	2629	69	19	0.000000	PRRERT
5	1	957	1	1	2	2022	2625	18	29	35.132767	ap
2	1	958	0	0	0	3158	2637	10	10	-1	
3	1	958	1	0	0	3158	2615	24	32	-1	
4	1	958	1	1	0	3158	2637	10	10	-1	
5	1	958	1	1	1	3158	2615	24	32	28.642593	ai
2	1	959	0	0	0	3194	2622	143	26	-1	
3	1	959	1	0	0	3194	2622	143	26	-1	
4	1	959	1	1	0	3194	2622	143	26	-1	
5	1	959	1	1	1	3194	2622	118	26	14.247635	gPiemonte
5	1	959	1	1	2	3324	2632	13	16	2.779762	~
2	1	960	0	0	0	3562	2587	46	66	-1	
3	1	960	1	0	0	3562	2587	46	66	-1	
4	1	960	1	1	0	3562	2587	46	66	-1	
5	1	960	1	1	1	3562	2587	46	66	0.000000	e
2	1	961	0	0	0	4515	2600	41	38	-1	
3	1	961	1	0	0	4515	2600	41	38	-1	
4	1	961	1	1	0	4515	2600	41	38	-1	
5	1	961	1	1	1	4515	2600	41	38	59.347343	Cc
2	1	962	0	0	0	4758	2634	32	11	-1	
3	1	962	1	0	0	4758	2634	32	11	-1	
4	1	962	1	1	0	4758	2634	32	11	-1	
5	1	962	1	1	1	4758	2634	32	11	17.617584	ats
2	1	963	0	0	0	6215	2607	105	42	-1	
3	1	963	1	0	0	6215	2607	105	42	-1	
4	1	963	1	1	0	6215	2607	105	42	-1	
5	1	963	1	1	1	6215	2607	94	42	15.368134	CIRCAs.
5	1	963	1	1	2	6312	2629	8	16	15.368134	5
2	1	964	0	0	0	6535	2627	44	19	-1	
3	1	964	1	0	0	6535	2627	44	19	-1	
4	1	964	1	1	0	6535	2627	44	19	-1	
5	1	964	1	1	1	6535	2627	44	19	79.874199	erek
2	1	965	0	0	0	444	2658	60	18	-1	
3	1	965	1	0	0	444	2658	60	18	-1	
4	1	965	1	1	0	444	2658	60	18	-1	
5	1	965	1	1	1	444	2658	60	18	44.178383	Hejaz
2	1	966	0	0	0	634	2659	87	18	-1	
3	1	966	1	0	0	634	2659	87	18	-1	
4	1	966	1	1	0	634	2659	87	18	-1	
5	1	966	1	1	1	634	2659	87	18	91.543495	Hormuz
2	1	967	0	0	0	831	2640	71	24	-1	
3	1	967	1	0	0	831	2640	71	24	-1	
4	1	967	1	1	0	831	2640	71	24	-1	
5	1	967	1	1	1	831	2640	71	24	56.251530	Gujarai
2	1	968	0	0	0	1655	2645	90	27	-1	
3	1	968	1	0	0	1655	2645	90	27	-1	
4	1	968	1	1	0	1655	2645	90	27	-1	
5	1	968	1	1	1	1655	2645	90	27	19.350159	Galicia’
2	1	969	0	0	0	2420	2653	15	7	-1	
3	1	969	1	0	0	2420	2653	15	7	-1	
4	1	969	1	1	0	2420	2653	15	7	-1	
5	1	969	1	1	1	2420	2653	15	7	61.603355	a
2	1	970	0	0	0	2486	2647	64	26	-1	
3	1	970	1	0	0	2486	2647	64	26	-1	
4	1	970	1	1	0	2486	2647	64	26	-1	
5	1	970	1	1	1	2486	2647	64	26	15.372971	eee
2	1	971	0	0	0	2911	2639	59	18	-1	
3	1	971	1	0	0	2911	2639	59	18	-1	
4	1	971	1	1	0	2911	2639	59	18	-1	
5	1	971	1	1	1	2911	2639	59	18	65.892380	vigno:
2	1	972	0	0	0	3183	2638	15	21	-1	
3	1	972	1	0	0	3183	2638	15	21	-1	
4	1	972	1	1	0	3183	2638	15	21	-1	
5	1	972	1	1	1	3183	2638	15	21	32.136719	\
2	1	973	0	0	0	3566	2659	70	14	-1	
3	1	973	1	0	0	3566	2659	70	14	-1	
4	1	973	1	1	0	3566	2659	70	14	-1	
5	1	973	1	1	1	3566	2659	70	14	20.430801	lantova
2	1	974	0	0	0	4888	2643	23	17	-1	
3	1	974	1	0	0	4888	2643	23	17	-1	
4	1	974	1	1	0	4888	2643	23	17	-1	
5	1	974	1	1	1	4888	2643	23	17	95.289032	Ti
2	1	975	0	0	0	4912	2648	70	19	-1	
3	1	975	1	0	0	4912	2648	70	19	-1	
4	1	975	1	1	0	4912	2648	70	19	-1	
5	1	975	1	1	1	4908	2644	13	27	0.000000	Ir
5	1	975	1	1	2	4922	2648	60	19	0.000000	gOvist
2	1	976	0	0	0	6073	2626	57	35	-1	
3	1	976	1	0	0	6073	2626	57	35	-1	
4	1	976	1	1	0	6073	2626	57	35	-1	
5	1	976	1	1	1	6073	2626	57	35	54.824425	OC
2	1	977	0	0	0	6630	2613	44	44	-1	
3	1	977	1	0	0	6630	2613	44	44	-1	
4	1	977	1	1	0	6630	2613	44	44	-1	
5	1	977	1	1	1	6630	2613	44	44	17.267303	C
2	1	978	0	0	0	578	2672	26	16	-1	
3	1	978	1	0	0	578	2672	26	16	-1	
4	1	978	1	1	0	578	2672	26	16	-1	
5	1	978	1	1	1	578	2672	26	16	34.675201	a
2	1	979	0	0	0	899	2666	46	14	-1	
3	1	979	1	0	0	899	2666	46	14	-1	
4	1	979	1	1	0	899	2666	46	14	-1	
5	1	979	1	1	1	899	2666	46	14	21.067963	WE
2	1	980	0	0	0	2265	2660	49	44	-1	
3	1	980	1	0	0	2265	2660	49	44	-1	
4	1	980	1	1	0	2265	2660	49	44	-1	
5	1	980	1	1	1	2265	2660	49	44	31.594421	(ty
2	1	981	0	0	0	2422	2662	51	21	-1	
3	1	981	1	0	0	2422	2662	51	21	-1	
4	1	981	1	1	0	2422	2662	51	21	-1	
5	1	981	1	1	1	2422	2662	51	21	6.400299	a
2	1	982	0	0	0	2830	2660	92	31	-1	
3	1	982	1	0	0	2830	2660	92	31	-1	
4	1	982	1	1	0	2830	2660	92	31	-1	
5	1	982	1	1	1	2830	2660	92	31	4.340965	EDEL
2	1	983	0	0	0	3472	2676	70	16	-1	
3	1	983	1	0	0	3472	2676	70	16	-1	
4	1	983	1	1	0	3472	2676	70	16	-1	
5	1	983	1	1	1	3472	2676	70	16	92.023399	Parma’
2	1	984	0	0	0	4012	2671	38	26	-1	
3	1	984	1	0	0	4012	2671	38	26	-1	
4	1	984	1	1	0	4012	2671	38	26	-1	
5	1	984	1	1	1	4012	2671	38	26	54.177605	Sc
2	1	985	0	0	0	4491	2664	87	25	-1	
3	1	985	1	0	0	4491	2664	87	25	-1	
4	1	985	1	1	0	4491	2664	87	25	-1	
5	1	985	1	1	1	4491	2664	87	25	96.116150	Beograd
2	1	986	0	0	0	5541	2675	11	13	-1	
3	1	986	1	0	0	5541	2675	11	13	-1	
4	1	986	1	1	0	5541	2675	11	13	-1	
5	1	986	1	1	1	5541	2675	11	13	34.669098	|
2	1	987	0	0	0	6102	2675	63	14	-1	
3	1	987	1	0	0	6102	2675	63	14	-1	
4	1	987	1	1	0	6102	2675	63	14	-1	
5	1	987	1	1	1	6102	2675	63	14	19.199524	AFCASSL:
2	1	988	0	0	0	6621	2659	24	21	-1	
3	1	988	1	0	0	6621	2659	24	21	-1	
4	1	988	1	1	0	6621	2659	24	21	-1	
5	1	988	1	1	1	6621	2659	24	21	77.377174	Ma
2	1	989	0	0	0	1559	2698	35	14	-1	
3	1	989	1	0	0	1559	2698	35	14	-1	
4	1	989	1	1	0	1559	2698	35	14	-1	
5	1	989	1	1	1	1559	2698	35	14	13.536568	ye
2	1	990	0	0	0	2764	2679	68	41	-1	
3	1	990	1	0	0	2764	2679	68	41	-1	
4	1	990	1	1	0	2764	2679	68	41	-1	
5	1	990	1	1	1	2764	2679	68	41	0.000000	<e
2	1	991	0	0	0	3274	2674	46	28	-1	
3	1	991	1	0	0	3274	2674	46	28	-1	
4	1	991	1	1	0	3274	2674	46	28	-1	
5	1	991	1	1	1	3274	2674	46	28	25.970520	ae)
2	1	992	0	0	0	3339	2614	96	96	-1	
3	1	992	1	0	0	3339	2614	96	96	-1	
4	1	992	1	1	0	3339	2614	96	96	-1	
5	1	992	1	1	1	3339	2614	96	96	24.555702	oft
2	1	993	0	0	0	3704	2702	75	17	-1	
3	1	993	1	0	0	3704	2702	75	17	-1	
4	1	993	1	1	0	3704	2702	75	17	-1	
5	1	993	1	1	1	3704	2702	75	17	94.251717	Ferrara
2	1	994	0	0	0	4744	2703	22	13	-1	
3	1	994	1	0	0	4744	2703	22	13	-1	
4	1	994	1	1	0	4744	2703	22	13	-1	
5	1	994	1	1	1	4744	2703	22	13	30.572395	ne
2	1	995	0	0	0	5123	2680	87	39	-1	
3	1	995	1	0	0	5123	2680	87	39	-1	
4	1	995	1	1	0	5123	2680	87	39	-1	
5	1	995	1	1	1	5123	2680	87	39	37.150303	aC
2	1	996	0	0	0	506	2695	39	38	-1	
3	1	996	1	0	0	506	2695	39	38	-1	
4	1	996	1	1	0	506	2695	39	38	-1	
5	1	996	1	1	1	506	2695	39	38	71.526581	iC
2	1	997	0	0	0	549	2720	24	26	-1	
3	1	997	1	0	0	549	2720	24	26	-1	
4	1	997	1	1	0	549	2720	24	26	-1	
5	1	997	1	1	1	549	2720	24	26	23.938744	uv)
2	1	998	0	0	0	1147	2717	19	22	-1	
3	1	998	1	0	0	1147	2717	19	22	-1	
4	1	998	1	1	0	1147	2717	19	22	-1	
5	1	998	1	1	1	1147	2717	19	22	92.442902	N
2	1	999	0	0	0	2303	2732	15	12	-1	
3	1	999	1	0	0	2303	2732	15	12	-1	
4	1	999	1	1	0	2303	2732	15	12	-1	
5	1	999	1	1	1	2303	2732	15	12	39.782047	vA
2	1	1000	0	0	0	2537	2714	23	12	-1	
3	1	1000	1	0	0	2537	2714	23	12	-1	
4	1	1000	1	1	0	2537	2714	23	12	-1	
5	1	1000	1	1	1	2537	2714	23	12	75.137482	ac
2	1	1001	0	0	0	2862	2708	61	20	-1	
3	1	1001	1	0	0	2862	2708	61	20	-1	
4	1	1001	1	1	0	2862	2708	61	20	-1	
5	1	1001	1	1	1	2862	2708	10	16	17.623840	a
5	1	1001	1	1	2	2886	2712	12	16	54.681641	&
5	1	1001	1	1	3	2911	2712	12	16	24.115143	2
2	1	1002	0	0	0	2970	2719	39	12	-1	
3	1	1002	1	0	0	2970	2719	39	12	-1	
4	1	1002	1	1	0	2970	2719	39	12	-1	
5	1	1002	1	1	1	2970	2720	7	11	71.747353	>
5	1	1002	1	1	2	2990	2719	19	9	71.675117	>
2	1	1003	0	0	0	3221	2718	90	19	-1	
3	1	1003	1	0	0	3221	2718	90	19	-1	
4	1	1003	1	1	0	3221	2718	90	19	-1	
5	1	1003	1	1	1	3221	2718	15	19	0.000000	C\
5	1	1003	1	1	2	3257	2719	54	18	35.810577	aS
2	1	1004	0	0	0	3383	2717	59	11	-1	
3	1	1004	1	0	0	3383	2717	59	11	-1	
4	1	1004	1	1	0	3383	2717	59	11	-1	
5	1	1004	1	1	1	3383	2717	59	11	75.281639	enova
2	1	1005	0	0	0	3634	2724	41	16	-1	
3	1	1005	1	0	0	3634	2724	41	16	-1	
4	1	1005	1	1	0	3634	2724	41	16	-1	
5	1	1005	1	1	1	3634	2724	41	16	30.124847	PAINS
2	1	1006	0	0	0	4990	2703	70	25	-1	
3	1	1006	1	0	0	4990	2703	70	25	-1	
4	1	1006	1	1	0	4990	2703	70	25	-1	
5	1	1006	1	1	1	4990	2703	70	25	0.000000	Nelsilar
2	1	1007	0	0	0	6322	2720	46	23	-1	
3	1	1007	1	0	0	6322	2720	46	23	-1	
4	1	1007	1	1	0	6322	2720	46	23	-1	
5	1	1007	1	1	1	6322	2720	46	23	16.959183	Zn
2	1	1008	0	0	0	6604	2725	42	20	-1	
3	1	1008	1	0	0	6604	2725	42	20	-1	
4	1	1008	1	1	0	6604	2725	42	20	-1	
5	1	1008	1	1	1	6604	2725	42	20	95.167191	SUS
2	1	1009	0	0	0	140	2736	15	32	-1	
3	1	1009	1	0	0	140	2736	15	32	-1	
4	1	1009	1	1	0	140	2736	15	32	-1	
5	1	1009	1	1	1	140	2736	15	32	55.040325	¢
2	1	1010	0	0	0	273	2736	15	32	-1	
3	1	1010	1	0	0	273	2736	15	32	-1	
4	1	1010	1	1	0	273	2736	15	32	-1	
5	1	1010	1	1	1	273	2736	15	32	48.260986	¢
2	1	1011	0	0	0	335	2736	11	16	-1	
3	1	1011	1	0	0	335	2736	11	16	-1	
4	1	1011	1	1	0	335	2736	11	16	-1	
5	1	1011	1	1	1	335	2736	11	16	90.569725	\
2	1	1012	0	0	0	339	2742	13	27	-1	
3	1	1012	1	0	0	339	2742	13	27	-1	
4	1	1012	1	1	0	339	2742	13	27	-1	
5	1	1012	1	1	1	339	2742	13	27	31.415649	y
2	1	1013	0	0	0	604	2754	5	14	-1	
3	1	1013	1	0	0	604	2754	5	14	-1	
4	1	1013	1	1	0	604	2754	5	14	-1	
5	1	1013	1	1	1	604	2754	5	14	24.438736	|
2	1	1014	0	0	0	945	2698	114	52	-1	
3	1	1014	1	0	0	945	2698	114	52	-1	
4	1	1014	1	1	0	945	2698	114	52	-1	
5	1	1014	1	1	1	945	2698	91	52	33.498703	aE
2	1	1015	0	0	0	5072	2740	16	13	-1	
3	1	1015	1	0	0	5072	2740	16	13	-1	
4	1	1015	1	1	0	5072	2740	16	13	-1	
5	1	1015	1	1	1	5072	2740	16	13	21.139709	eas
2	1	1016	0	0	0	5153	2741	71	19	-1	
3	1	1016	1	0	0	5153	2741	71	19	-1	
4	1	1016	1	1	0	5153	2741	71	19	-1	
5	1	1016	1	1	1	5153	2741	71	19	90.448471	Silistre
2	1	1017	0	0	0	5592	2713	203	53	-1	
3	1	1017	1	0	0	5592	2713	203	53	-1	
4	1	1017	1	1	0	5592	2713	203	53	-1	
5	1	1017	1	1	1	5592	2737	117	29	95.424309	BLACK
5	1	1017	1	1	2	5721	2713	74	52	92.717506	SEA*
2	1	1018	0	0	0	160	2748	39	28	-1	
3	1	1018	1	0	0	160	2748	39	28	-1	
4	1	1018	1	1	0	160	2748	39	28	-1	
5	1	1018	1	1	1	160	2748	39	28	96.999916	10
2	1	1019	0	0	0	271	2762	16	24	-1	
3	1	1019	1	0	0	271	2762	16	24	-1	
4	1	1019	1	1	0	271	2762	16	24	-1	
5	1	1019	1	1	1	271	2762	16	24	72.665451	\
2	1	1020	0	0	0	274	2774	27	18	-1	
3	1	1020	1	0	0	274	2774	27	18	-1	
4	1	1020	1	1	0	274	2774	27	18	-1	
5	1	1020	1	1	1	274	2774	27	18	47.602928	AS
2	1	1021	0	0	0	292	2746	42	30	-1	
3	1	1021	1	0	0	292	2746	42	30	-1	
4	1	1021	1	1	0	292	2746	42	30	-1	
5	1	1021	1	1	1	292	2746	42	30	97.007317	40
2	1	1022	0	0	0	322	2775	29	18	-1	
3	1	1022	1	0	0	322	2775	29	18	-1	
4	1	1022	1	1	0	322	2775	29	18	-1	
5	1	1022	1	1	1	322	2775	29	18	0.000000	Ce
2	1	1023	0	0	0	336	2762	18	25	-1	
3	1	1023	1	0	0	336	2762	18	25	-1	
4	1	1023	1	1	0	336	2762	18	25	-1	
5	1	1023	1	1	1	336	2762	18	25	76.387993	y
2	1	1024	0	0	0	474	2755	83	19	-1	
3	1	1024	1	0	0	474	2755	83	19	-1	
4	1	1024	1	1	0	474	2755	83	19	-1	
5	1	1024	1	1	1	474	2755	83	19	39.484444	“Yemen
2	1	1025	0	0	0	1023	2763	54	27	-1	
3	1	1025	1	0	0	1023	2763	54	27	-1	
4	1	1025	1	1	0	1023	2763	54	27	-1	
5	1	1025	1	1	1	1023	2763	54	27	10.282555	@~
2	1	1026	0	0	0	2268	2771	83	17	-1	
3	1	1026	1	0	0	2268	2771	83	17	-1	
4	1	1026	1	1	0	2268	2771	83	17	-1	
5	1	1026	1	1	1	2268	2771	83	17	96.709908	Navarra
2	1	1027	0	0	0	2822	2749	144	43	-1	
3	1	1027	1	0	0	2822	2749	144	43	-1	
4	1	1027	1	1	0	2822	2749	144	43	-1	
5	1	1027	1	1	1	2822	2749	12	37	90.583191	J
5	1	1027	1	1	2	2849	2760	14	30	83.623268	Mi
5	1	1027	1	1	3	2865	2754	101	38	86.303505	ontpellier
2	1	1028	0	0	0	2982	2751	65	24	-1	
3	1	1028	1	0	0	2982	2751	65	24	-1	
4	1	1028	1	1	0	2982	2751	65	24	-1	
5	1	1028	1	1	1	2982	2751	65	24	38.936958	Fa
2	1	1029	0	0	0	3072	2747	60	41	-1	
3	1	1029	1	0	0	3072	2747	60	41	-1	
4	1	1029	1	1	0	3072	2747	60	41	-1	
5	1	1029	1	1	1	3072	2747	60	41	58.089428	ee
2	1	1030	0	0	0	3864	2772	28	6	-1	
3	1	1030	1	0	0	3864	2772	28	6	-1	
4	1	1030	1	1	0	3864	2772	28	6	-1	
5	1	1030	1	1	1	3864	2772	28	6	35.441673	i
2	1	1031	0	0	0	4055	2735	46	36	-1	
3	1	1031	1	0	0	4055	2735	46	36	-1	
4	1	1031	1	1	0	4055	2735	46	36	-1	
5	1	1031	1	1	1	4055	2735	46	36	31.299751	e
2	1	1032	0	0	0	4100	2780	29	7	-1	
3	1	1032	1	0	0	4100	2780	29	7	-1	
4	1	1032	1	1	0	4100	2780	29	7	-1	
5	1	1032	1	1	1	4100	2780	29	7	32.090942	Lae:
2	1	1033	0	0	0	4467	2763	71	28	-1	
3	1	1033	1	0	0	4467	2763	71	28	-1	
4	1	1033	1	1	0	4467	2763	71	28	-1	
5	1	1033	1	1	1	4467	2763	71	28	39.394455	"SERB
2	1	1034	0	0	0	4837	2753	43	38	-1	
3	1	1034	1	0	0	4837	2753	43	38	-1	
4	1	1034	1	1	0	4837	2753	43	38	-1	
5	1	1034	1	1	1	4837	2753	43	38	26.819176	g
2	1	1035	0	0	0	6397	2768	68	18	-1	
3	1	1035	1	0	0	6397	2768	68	18	-1	
4	1	1035	1	1	0	6397	2768	68	18	-1	
5	1	1035	1	1	1	6397	2768	10	12	60.065979	ay
5	1	1035	1	1	2	6424	2771	41	15	36.424004	fax
2	1	1036	0	0	0	1860	2806	17	10	-1	
3	1	1036	1	0	0	1860	2806	17	10	-1	
4	1	1036	1	1	0	1860	2806	17	10	-1	
5	1	1036	1	1	1	1860	2806	17	10	0.000000	E(
2	1	1037	0	0	0	2453	2784	41	29	-1	
3	1	1037	1	0	0	2453	2784	41	29	-1	
4	1	1037	1	1	0	2453	2784	41	29	-1	
5	1	1037	1	1	1	2453	2784	41	29	46.403011	AN
2	1	1038	0	0	0	2520	2782	108	19	-1	
3	1	1038	1	0	0	2520	2782	108	19	-1	
4	1	1038	1	1	0	2520	2782	108	19	-1	
5	1	1038	1	1	1	2520	2782	108	19	0.000000	24a
5	1	1038	1	1	2	2581	2778	18	29	0.000000	h
5	1	1038	1	1	3	2615	2778	17	29	68.131882	@
2	1	1039	0	0	0	3093	2782	21	25	-1	
3	1	1039	1	0	0	3093	2782	21	25	-1	
4	1	1039	1	1	0	3093	2782	21	25	-1	
5	1	1039	1	1	1	3093	2782	21	25	37.823372	y
2	1	1040	0	0	0	3531	2781	37	34	-1	
3	1	1040	1	0	0	3531	2781	37	34	-1	
4	1	1040	1	1	0	3531	2781	37	34	-1	
5	1	1040	1	1	1	3531	2781	37	34	0.000000	@,
2	1	1041	0	0	0	4053	2798	47	18	-1	
3	1	1041	1	0	0	4053	2798	47	18	-1	
4	1	1041	1	1	0	4053	2798	47	18	-1	
5	1	1041	1	1	1	4053	2798	47	18	96.728210	Zara
2	1	1042	0	0	0	4539	2776	55	24	-1	
3	1	1042	1	0	0	4539	2776	55	24	-1	
4	1	1042	1	1	0	4539	2776	55	24	-1	
5	1	1042	1	1	1	4539	2776	55	24	29.868553	TA
5	1	1042	1	1	2	4578	2772	21	40	29.868553	&
2	1	1043	0	0	0	5350	2772	115	37	-1	
3	1	1043	1	0	0	5350	2772	115	37	-1	
4	1	1043	1	1	0	5350	2772	115	37	-1	
5	1	1043	1	1	1	5350	2790	58	19	96.714714	Black
5	1	1043	1	1	2	5414	2791	35	18	96.828102	Sea
5	1	1043	1	1	3	5460	2772	5	5	62.176270	:
2	1	1044	0	0	0	6565	2790	149	24	-1	
3	1	1044	1	0	0	6565	2790	149	24	-1	
4	1	1044	1	1	0	6565	2790	149	24	-1	
5	1	1044	1	1	1	6565	2799	52	13	39.437553	eM
5	1	1044	1	1	2	6627	2796	21	18	39.210148	a
5	1	1044	1	1	3	6658	2790	56	19	0.000000	SHITV!
2	1	1045	0	0	0	459	2814	21	18	-1	
3	1	1045	1	0	0	459	2814	21	18	-1	
4	1	1045	1	1	0	459	2814	21	18	-1	
5	1	1045	1	1	1	459	2814	21	18	44.704117	Hg
2	1	1046	0	0	0	2734	2795	71	29	-1	
3	1	1046	1	0	0	2734	2795	71	29	-1	
4	1	1046	1	1	0	2734	2795	71	29	-1	
5	1	1046	1	1	1	2734	2795	71	29	50.181881	pre
2	1	1047	0	0	0	3664	2787	24	31	-1	
3	1	1047	1	0	0	3664	2787	24	31	-1	
4	1	1047	1	1	0	3664	2787	24	31	-1	
5	1	1047	1	1	1	3664	2787	24	31	11.004852	y,
2	1	1048	0	0	0	3856	2778	44	49	-1	
3	1	1048	1	0	0	3856	2778	44	49	-1	
4	1	1048	1	1	0	3856	2778	44	49	-1	
5	1	1048	1	1	1	3856	2778	44	49	50.505867	al
2	1	1049	0	0	0	3944	2769	70	63	-1	
3	1	1049	1	0	0	3944	2769	70	63	-1	
4	1	1049	1	1	0	3944	2769	70	63	-1	
5	1	1049	1	1	1	3944	2769	70	63	0.000000	%,
2	1	1050	0	0	0	4478	2795	46	23	-1	
3	1	1050	1	0	0	4478	2795	46	23	-1	
4	1	1050	1	1	0	4478	2795	46	23	-1	
5	1	1050	1	1	1	4478	2795	46	23	83.253922	ALB
2	1	1051	0	0	0	6255	2798	111	38	-1	
3	1	1051	1	0	0	6255	2798	111	38	-1	
4	1	1051	1	1	0	6255	2798	111	38	-1	
5	1	1051	1	1	1	6255	2799	53	37	32.965675	Pate
5	1	1051	1	1	2	6312	2798	54	24	47.046196	mere!
2	1	1052	0	0	0	6454	2828	27	6	-1	
3	1	1052	1	0	0	6454	2828	27	6	-1	
4	1	1052	1	1	0	6454	2828	27	6	-1	
5	1	1052	1	1	1	6454	2828	27	6	52.114838	LEN.
2	1	1053	0	0	0	914	2806	158	40	-1	
3	1	1053	1	0	0	914	2806	158	40	-1	
4	1	1053	1	1	0	914	2806	158	40	-1	
5	1	1053	1	1	1	914	2806	158	40	15.090088	“Coromandel_
2	1	1054	0	0	0	3058	2825	92	32	-1	
3	1	1054	1	0	0	3058	2825	92	32	-1	
4	1	1054	1	1	0	3058	2825	92	32	-1	
5	1	1054	1	1	1	3058	2825	92	32	0.000000	Deavence
2	1	1055	0	0	0	3619	2830	75	18	-1	
3	1	1055	1	0	0	3619	2830	75	18	-1	
4	1	1055	1	1	0	3619	2830	75	18	-1	
5	1	1055	1	1	1	3619	2830	75	18	96.576691	Firenze
2	1	1056	0	0	0	3731	2818	25	22	-1	
3	1	1056	1	0	0	3731	2818	25	22	-1	
4	1	1056	1	1	0	3731	2818	25	22	-1	
5	1	1056	1	1	1	3731	2818	25	22	17.018829	es
2	1	1057	0	0	0	4830	2816	57	25	-1	
3	1	1057	1	0	0	4830	2816	57	25	-1	
4	1	1057	1	1	0	4830	2816	57	25	-1	
5	1	1057	1	1	1	4830	2816	57	25	92.302315	Sofya
2	1	1058	0	0	0	6358	2839	58	21	-1	
3	1	1058	1	0	0	6358	2839	58	21	-1	
4	1	1058	1	1	0	6358	2839	58	21	-1	
5	1	1058	1	1	1	6358	2839	58	21	44.666016	4Yy
2	1	1059	0	0	0	6440	2829	16	15	-1	
3	1	1059	1	0	0	6440	2829	16	15	-1	
4	1	1059	1	1	0	6440	2829	16	15	-1	
5	1	1059	1	1	1	6440	2829	16	15	0.000000	iy
2	1	1060	0	0	0	6644	2832	23	12	-1	
3	1	1060	1	0	0	6644	2832	23	12	-1	
4	1	1060	1	1	0	6644	2832	23	12	-1	
5	1	1060	1	1	1	6644	2832	23	12	61.109726	ar
2	1	1061	0	0	0	1677	2860	17	13	-1	
3	1	1061	1	0	0	1677	2860	17	13	-1	
4	1	1061	1	1	0	1677	2860	17	13	-1	
5	1	1061	1	1	1	1677	2860	17	13	23.764336	is)
2	1	1062	0	0	0	2052	2860	73	24	-1	
3	1	1062	1	0	0	2052	2860	73	24	-1	
4	1	1062	1	1	0	2052	2860	73	24	-1	
5	1	1062	1	1	1	2052	2860	73	24	96.905960	Burgos
2	1	1063	0	0	0	3560	2868	21	17	-1	
3	1	1063	1	0	0	3560	2868	21	17	-1	
4	1	1063	1	1	0	3560	2868	21	17	-1	
5	1	1063	1	1	1	3560	2868	21	17	57.167164	Pt
2	1	1064	0	0	0	3838	2847	80	18	-1	
3	1	1064	1	0	0	3838	2847	80	18	-1	
4	1	1064	1	1	0	3838	2847	80	18	-1	
5	1	1064	1	1	1	3838	2847	80	18	94.709427	Ancona
2	1	1065	0	0	0	4018	2828	57	41	-1	
3	1	1065	1	0	0	4018	2828	57	41	-1	
4	1	1065	1	1	0	4018	2828	57	41	-1	
5	1	1065	1	1	1	4018	2828	57	41	39.964275	Ay,
2	1	1066	0	0	0	4523	2826	78	55	-1	
3	1	1066	1	0	0	4523	2826	78	55	-1	
4	1	1066	1	1	0	4523	2826	78	55	-1	
5	1	1066	1	1	1	4523	2828	12	12	35.885590	i
5	1	1066	1	1	2	4550	2826	51	55	49.713863	~~
2	1	1067	0	0	0	6249	2823	49	59	-1	
3	1	1067	1	0	0	6249	2823	49	59	-1	
4	1	1067	1	1	0	6249	2823	49	59	-1	
5	1	1067	1	1	1	6249	2823	49	59	75.299110	kd
2	1	1068	0	0	0	1628	2894	43	10	-1	
3	1	1068	1	0	0	1628	2894	43	10	-1	
4	1	1068	1	1	0	1628	2894	43	10	-1	
5	1	1068	1	1	1	1628	2894	43	10	4.786369	aH
2	1	1069	0	0	0	2347	2872	58	21	-1	
3	1	1069	1	0	0	2347	2872	58	21	-1	
4	1	1069	1	1	0	2347	2872	58	21	-1	
5	1	1069	1	1	1	2347	2872	58	21	38.109482	eh,
2	1	1070	0	0	0	3722	2876	47	25	-1	
3	1	1070	1	0	0	3722	2876	47	25	-1	
4	1	1070	1	1	0	3722	2876	47	25	-1	
5	1	1070	1	1	1	3722	2876	47	25	13.775597	ae
2	1	1071	0	0	0	4197	2857	55	31	-1	
3	1	1071	1	0	0	4197	2857	55	31	-1	
4	1	1071	1	1	0	4197	2857	55	31	-1	
5	1	1071	1	1	1	4197	2857	55	31	65.062859	Os
2	1	1072	0	0	0	4214	2891	62	17	-1	
3	1	1072	1	0	0	4214	2891	62	17	-1	
4	1	1072	1	1	0	4214	2891	62	17	-1	
5	1	1072	1	1	1	4214	2891	62	17	49.723263	Ragus:
2	1	1073	0	0	0	5100	2876	35	16	-1	
3	1	1073	1	0	0	5100	2876	35	16	-1	
4	1	1073	1	1	0	5100	2876	35	16	-1	
5	1	1073	1	1	1	5100	2876	35	16	41.870148	dg
2	1	1074	0	0	0	6249	2891	37	13	-1	
3	1	1074	1	0	0	6249	2891	37	13	-1	
4	1	1074	1	1	0	6249	2891	37	13	-1	
5	1	1074	1	1	1	6249	2891	37	13	76.193687	Gur
2	1	1075	0	0	0	532	2906	56	12	-1	
3	1	1075	1	0	0	532	2906	56	12	-1	
4	1	1075	1	1	0	532	2906	56	12	-1	
5	1	1075	1	1	1	532	2906	17	12	80.986847	‘To
5	1	1075	1	1	2	554	2906	34	12	85.969810	Oirat
2	1	1076	0	0	0	636	2906	81	16	-1	
3	1	1076	1	0	0	636	2906	81	16	-1	
4	1	1076	1	1	0	636	2906	81	16	-1	
5	1	1076	1	1	1	636	2906	16	12	90.673546	To
5	1	1076	1	1	2	657	2906	60	16	96.517982	Mongolia
2	1	1077	0	0	0	756	2906	100	12	-1	
3	1	1077	1	0	0	756	2906	100	12	-1	
4	1	1077	1	1	0	756	2906	100	12	-1	
5	1	1077	1	1	1	756	2906	43	12	0.000000	To
5	1	1077	1	1	2	803	2906	53	12	23.965340	Manchu
2	1	1078	0	0	0	964	2912	17	9	-1	
3	1	1078	1	0	0	964	2912	17	9	-1	
4	1	1078	1	1	0	964	2912	17	9	-1	
5	1	1078	1	1	1	964	2912	17	9	21.635040	MA
2	1	1079	0	0	0	3438	2912	26	15	-1	
3	1	1079	1	0	0	3438	2912	26	15	-1	
4	1	1079	1	1	0	3438	2912	26	15	-1	
5	1	1079	1	1	1	3438	2912	26	15	71.327957	4
2	1	1080	0	0	0	3720	2896	40	22	-1	
3	1	1080	1	0	0	3720	2896	40	22	-1	
4	1	1080	1	1	0	3720	2896	40	22	-1	
5	1	1080	1	1	1	3720	2896	40	22	14.878128	si
2	1	1081	0	0	0	4122	2882	54	37	-1	
3	1	1081	1	0	0	4122	2882	54	37	-1	
4	1	1081	1	1	0	4122	2882	54	37	-1	
5	1	1081	1	1	1	4122	2882	54	37	61.019424	bay.
2	1	1082	0	0	0	4350	2894	12	15	-1	
3	1	1082	1	0	0	4350	2894	12	15	-1	
4	1	1082	1	1	0	4350	2894	12	15	-1	
5	1	1082	1	1	1	4350	2894	12	15	45.197227	b/
2	1	1083	0	0	0	4476	2904	28	10	-1	
3	1	1083	1	0	0	4476	2904	28	10	-1	
4	1	1083	1	1	0	4476	2904	28	10	-1	
5	1	1083	1	1	1	4476	2904	28	10	44.530457	5
2	1	1084	0	0	0	4644	2900	41	19	-1	
3	1	1084	1	0	0	4644	2900	41	19	-1	
4	1	1084	1	1	0	4644	2900	41	19	-1	
5	1	1084	1	1	1	4640	2896	18	27	31.325119	‘a
5	1	1084	1	1	2	4671	2900	14	13	12.998192	&
2	1	1085	0	0	0	4965	2905	15	11	-1	
3	1	1085	1	0	0	4965	2905	15	11	-1	
4	1	1085	1	1	0	4965	2905	15	11	-1	
5	1	1085	1	1	1	4965	2905	15	11	14.692749	a
2	1	1086	0	0	0	5058	2906	28	15	-1	
3	1	1086	1	0	0	5058	2906	28	15	-1	
4	1	1086	1	1	0	5058	2906	28	15	-1	
5	1	1086	1	1	1	5058	2906	28	15	43.379292	tar
2	1	1087	0	0	0	5178	2903	22	14	-1	
3	1	1087	1	0	0	5178	2903	22	14	-1	
4	1	1087	1	1	0	5178	2903	22	14	-1	
5	1	1087	1	1	1	5178	2903	22	14	61.631142	C4
2	1	1088	0	0	0	6270	2911	40	12	-1	
3	1	1088	1	0	0	6270	2911	40	12	-1	
4	1	1088	1	1	0	6270	2911	40	12	-1	
5	1	1088	1	1	1	6270	2911	40	12	49.741760	AD
2	1	1089	0	0	0	6437	2899	61	19	-1	
3	1	1089	1	0	0	6437	2899	61	19	-1	
4	1	1089	1	1	0	6437	2899	61	19	-1	
5	1	1089	1	1	1	6437	2899	61	19	60.156853	Tblisi
2	1	1090	0	0	0	6552	2901	17	12	-1	
3	1	1090	1	0	0	6552	2901	17	12	-1	
4	1	1090	1	1	0	6552	2901	17	12	-1	
5	1	1090	1	1	1	6552	2901	17	12	24.137177	>
2	1	1091	0	0	0	514	2931	92	18	-1	
3	1	1091	1	0	0	514	2931	92	18	-1	
4	1	1091	1	1	0	514	2931	92	18	-1	
5	1	1091	1	1	1	514	2938	10	11	60.301632	5
5	1	1091	1	1	2	533	2932	31	11	36.948185	eR
5	1	1091	1	1	3	584	2931	22	16	33.245026	es
2	1	1092	0	0	0	704	2934	41	8	-1	
3	1	1092	1	0	0	704	2934	41	8	-1	
4	1	1092	1	1	0	704	2934	41	8	-1	
5	1	1092	1	1	1	704	2934	41	8	13.700119	apo
2	1	1093	0	0	0	2072	2920	84	29	-1	
3	1	1093	1	0	0	2072	2920	84	29	-1	
4	1	1093	1	1	0	2072	2920	84	29	-1	
5	1	1093	1	1	1	2072	2920	84	29	10.735741	CASMIL
2	1	1094	0	0	0	2536	2918	18	17	-1	
3	1	1094	1	0	0	2536	2918	18	17	-1	
4	1	1094	1	1	0	2536	2918	18	17	-1	
5	1	1094	1	1	1	2536	2918	18	17	81.707520	AY
2	1	1095	0	0	0	2571	2913	72	22	-1	
3	1	1095	1	0	0	2571	2913	72	22	-1	
4	1	1095	1	1	0	2571	2913	72	22	-1	
5	1	1095	1	1	1	2571	2913	72	22	36.453362	INCONN|
2	1	1096	0	0	0	3452	2939	38	12	-1	
3	1	1096	1	0	0	3452	2939	38	12	-1	
4	1	1096	1	1	0	3452	2939	38	12	-1	
5	1	1096	1	1	1	3452	2939	38	12	30.784309	sica
2	1	1097	0	0	0	3629	2875	49	65	-1	
3	1	1097	1	0	0	3629	2875	49	65	-1	
4	1	1097	1	1	0	3629	2875	49	65	-1	
5	1	1097	1	1	1	3629	2875	49	65	0.000000	&
2	1	1098	0	0	0	3737	2929	13	9	-1	
3	1	1098	1	0	0	3737	2929	13	9	-1	
4	1	1098	1	1	0	3737	2929	13	9	-1	
5	1	1098	1	1	1	3737	2929	13	9	61.286560	‘er.
2	1	1099	0	0	0	3771	2923	13	12	-1	
3	1	1099	1	0	0	3771	2923	13	12	-1	
4	1	1099	1	1	0	3771	2923	13	12	-1	
5	1	1099	1	1	1	3771	2923	13	12	26.247688	ss
2	1	1100	0	0	0	3961	2928	17	13	-1	
3	1	1100	1	0	0	3961	2928	17	13	-1	
4	1	1100	1	1	0	3961	2928	17	13	-1	
5	1	1100	1	1	1	3961	2928	17	13	27.139740	a
2	1	1101	0	0	0	5056	2920	29	13	-1	
3	1	1101	1	0	0	5056	2920	29	13	-1	
4	1	1101	1	1	0	5056	2920	29	13	-1	
5	1	1101	1	1	1	5056	2920	29	13	32.627983	eg
2	1	1102	0	0	0	5167	2925	20	15	-1	
3	1	1102	1	0	0	5167	2925	20	15	-1	
4	1	1102	1	1	0	5167	2925	20	15	-1	
5	1	1102	1	1	1	5167	2925	20	15	0.000000	%
2	1	1103	0	0	0	469	2936	41	35	-1	
3	1	1103	1	0	0	469	2936	41	35	-1	
4	1	1103	1	1	0	469	2936	41	35	-1	
5	1	1103	1	1	1	469	2936	41	35	0.000000	<e-
2	1	1104	0	0	0	5176	2952	34	12	-1	
3	1	1104	1	0	0	5176	2952	34	12	-1	
4	1	1104	1	1	0	5176	2952	34	12	-1	
5	1	1104	1	1	1	5176	2952	34	12	60.704174	=
2	1	1105	0	0	0	5652	2941	52	14	-1	
3	1	1105	1	0	0	5652	2941	52	14	-1	
4	1	1105	1	1	0	5652	2941	52	14	-1	
5	1	1105	1	1	1	5652	2941	52	14	0.000000	jtamo:
2	1	1106	0	0	0	587	2952	73	29	-1	
3	1	1106	1	0	0	587	2952	73	29	-1	
4	1	1106	1	1	0	587	2952	73	29	-1	
5	1	1106	1	1	1	587	2954	8	20	78.429443	\
5	1	1106	1	1	2	595	2952	65	29	5.888786	f/f.
2	1	1107	0	0	0	972	2971	25	26	-1	
3	1	1107	1	0	0	972	2958	116	39	-1	
4	1	1107	1	1	0	972	2971	25	26	-1	
5	1	1107	1	1	1	972	2971	25	26	21.713188	a
2	1	1108	0	0	0	1599	2967	90	17	-1	
3	1	1108	1	0	0	1599	2967	90	17	-1	
4	1	1108	1	1	0	1599	2967	90	17	-1	
5	1	1108	1	1	1	1599	2967	90	17	77.567886	Porto
5	1	1108	1	1	2	1676	2963	17	28	59.038429	~
2	1	1109	0	0	0	2146	2979	16	18	-1	
3	1	1109	1	0	0	2146	2979	16	18	-1	
4	1	1109	1	1	0	2146	2979	16	18	-1	
5	1	1109	1	1	1	2146	2979	16	18	72.966812	6
2	1	1110	0	0	0	2255	2978	19	15	-1	
3	1	1110	1	0	0	2255	2978	19	15	-1	
4	1	1110	1	1	0	2255	2978	19	15	-1	
5	1	1110	1	1	1	2255	2978	19	15	0.000000	<
2	1	1111	0	0	0	2741	2982	56	18	-1	
3	1	1111	1	0	0	2741	2982	56	18	-1	
4	1	1111	1	1	0	2741	2982	56	18	-1	
5	1	1111	1	1	1	2741	2982	56	18	85.331268	elona
2	1	1112	0	0	0	3740	2950	108	28	-1	
3	1	1112	1	0	0	3740	2950	108	28	-1	
4	1	1112	1	1	0	3740	2950	108	28	-1	
5	1	1112	1	1	1	3740	2950	108	28	9.531517	ee
2	1	1113	0	0	0	5117	2991	12	9	-1	
3	1	1113	1	0	0	5117	2991	12	9	-1	
4	1	1113	1	1	0	5117	2991	12	9	-1	
5	1	1113	1	1	1	5117	2991	12	9	23.372337	fs
2	1	1114	0	0	0	6566	2952	88	36	-1	
3	1	1114	1	0	0	6566	2952	88	36	-1	
4	1	1114	1	1	0	6566	2952	88	36	-1	
5	1	1114	1	1	1	6566	2952	68	36	0.000000	SCAu,
5	1	1114	1	1	2	6645	2963	9	10	70.849243	<
2	1	1115	0	0	0	600	2991	41	15	-1	
3	1	1115	1	0	0	600	2991	41	15	-1	
4	1	1115	1	1	0	600	2991	41	15	-1	
5	1	1115	1	1	1	600	2991	41	15	19.221878	mat
2	1	1116	0	0	0	691	2943	146	75	-1	
3	1	1116	1	0	0	691	2943	146	75	-1	
4	1	1116	1	1	0	691	2943	146	75	-1	
5	1	1116	1	1	1	687	2939	56	83	15.692818	oq
5	1	1116	1	1	2	783	2969	54	26	72.371826	—
2	1	1117	0	0	0	2135	2997	39	21	-1	
3	1	1117	1	0	0	2135	2997	39	21	-1	
4	1	1117	1	1	0	2135	2997	39	21	-1	
5	1	1117	1	1	1	2135	2997	39	21	34.032730	KS
2	1	1118	0	0	0	2310	2948	200	74	-1	
3	1	1118	1	0	0	2310	2948	200	74	-1	
4	1	1118	1	1	0	2310	2948	200	74	-1	
5	1	1118	1	1	1	2310	2948	26	74	45.075790	¥
5	1	1118	1	1	2	2367	2975	9	3	34.810036	=
5	1	1118	1	1	3	2415	2955	95	24	75.592400	Zaragoza
2	1	1119	0	0	0	4606	2983	70	35	-1	
3	1	1119	1	0	0	4606	2983	70	35	-1	
4	1	1119	1	1	0	4606	2983	70	35	-1	
5	1	1119	1	1	1	4606	2983	70	35	51.572136	ack
2	1	1120	0	0	0	5174	2992	194	22	-1	
3	1	1120	1	0	0	5174	2992	194	22	-1	
4	1	1120	1	1	0	5174	2992	194	22	-1	
5	1	1120	1	1	1	5174	2992	144	18	44.700314	‘Oonstantinople
5	1	1120	1	1	2	5341	2996	27	18	26.503975	Baw
2	1	1121	0	0	0	5675	2963	61	41	-1	
3	1	1121	1	0	0	5675	2963	61	41	-1	
4	1	1121	1	1	0	5675	2963	61	41	-1	
5	1	1121	1	1	1	5675	2963	61	41	24.551079	ek
2	1	1122	0	0	0	5800	2981	41	38	-1	
3	1	1122	1	0	0	5800	2981	41	38	-1	
4	1	1122	1	1	0	5800	2981	41	38	-1	
5	1	1122	1	1	1	5800	2981	41	38	77.486885	C
2	1	1123	0	0	0	6270	3007	62	14	-1	
3	1	1123	1	0	0	6270	3007	62	14	-1	
4	1	1123	1	1	0	6270	3007	62	14	-1	
5	1	1123	1	1	1	6270	3007	62	14	3.040779	\e-45
2	1	1124	0	0	0	6355	2989	47	13	-1	
3	1	1124	1	0	0	6355	2989	47	13	-1	
4	1	1124	1	1	0	6355	2989	47	13	-1	
5	1	1124	1	1	1	6355	2989	47	13	45.826488	2s
2	1	1125	0	0	0	6670	2986	45	33	-1	
3	1	1125	1	0	0	6670	2986	45	33	-1	
4	1	1125	1	1	0	6670	2986	45	33	-1	
5	1	1125	1	1	1	6670	2986	45	33	0.349205	{4
2	1	1126	0	0	0	1334	3036	17	10	-1	
3	1	1126	1	0	0	1334	3036	17	10	-1	
4	1	1126	1	1	0	1334	3036	17	10	-1	
5	1	1126	1	1	1	1334	3036	17	10	28.497147	4
2	1	1127	0	0	0	1338	3021	13	16	-1	
3	1	1127	1	0	0	1338	3021	13	16	-1	
4	1	1127	1	1	0	1338	3021	13	16	-1	
5	1	1127	1	1	1	1338	3021	13	16	26.476433	di
2	1	1128	0	0	0	2136	3012	10	16	-1	
3	1	1128	1	0	0	2136	3012	10	16	-1	
4	1	1128	1	1	0	2136	3012	10	16	-1	
5	1	1128	1	1	1	2136	3012	10	16	56.093765	rl}
2	1	1129	0	0	0	2990	2983	103	41	-1	
3	1	1129	1	0	0	2990	2983	103	41	-1	
4	1	1129	1	1	0	2990	2983	103	41	-1	
5	1	1129	1	1	1	2990	2983	103	41	71.593376	LION!
2	1	1130	0	0	0	4423	3003	79	39	-1	
3	1	1130	1	0	0	4423	3003	79	39	-1	
4	1	1130	1	1	0	4423	3003	79	39	-1	
5	1	1130	1	1	1	4423	3003	79	39	82.700317	ec
2	1	1131	0	0	0	5455	3015	49	25	-1	
3	1	1131	1	0	0	5455	3015	49	25	-1	
4	1	1131	1	1	0	5455	3015	49	25	-1	
5	1	1131	1	1	1	5455	3015	49	25	72.557693	ERN
2	1	1132	0	0	0	5513	3020	22	8	-1	
3	1	1132	1	0	0	5513	3020	22	8	-1	
4	1	1132	1	1	0	5513	3020	22	8	-1	
5	1	1132	1	1	1	5513	3020	22	8	34.235435	a
2	1	1133	0	0	0	5534	3028	8	10	-1	
3	1	1133	1	0	0	5534	3028	8	10	-1	
4	1	1133	1	1	0	5534	3028	8	10	-1	
5	1	1133	1	1	1	5534	3028	8	10	14.135521	i
2	1	1134	0	0	0	5642	3022	10	12	-1	
3	1	1134	1	0	0	5642	3022	10	12	-1	
4	1	1134	1	1	0	5642	3022	10	12	-1	
5	1	1134	1	1	1	5642	3022	10	12	25.381271	fi
2	1	1135	0	0	0	1747	3020	176	46	-1	
3	1	1135	1	0	0	1747	3020	176	46	-1	
4	1	1135	1	1	0	1747	3020	176	46	-1	
5	1	1135	1	1	1	1747	3020	35	46	10.154457	S|
5	1	1135	1	1	2	1813	3030	110	32	96.168579	Salamanca
2	1	1136	0	0	0	2902	3008	74	41	-1	
3	1	1136	1	0	0	2902	3008	74	41	-1	
4	1	1136	1	1	0	2902	3008	74	41	-1	
5	1	1136	1	1	1	2902	3024	17	25	36.791653	5
5	1	1136	1	1	2	2939	3008	37	30	91.544823	OF
2	1	1137	0	0	0	3840	3032	27	25	-1	
3	1	1137	1	0	0	3840	3032	27	25	-1	
4	1	1137	1	1	0	3840	3032	27	25	-1	
5	1	1137	1	1	1	3840	3032	27	25	40.843689	te
2	1	1138	0	0	0	3978	3019	54	28	-1	
3	1	1138	1	0	0	3978	3019	54	28	-1	
4	1	1138	1	1	0	3978	3019	54	28	-1	
5	1	1138	1	1	1	3978	3019	54	28	93.611237	Nap
2	1	1139	0	0	0	5362	3029	42	21	-1	
3	1	1139	1	0	0	5362	3029	42	21	-1	
4	1	1139	1	1	0	5362	3029	42	21	-1	
5	1	1139	1	1	1	5362	3029	42	21	83.303299	NO
2	1	1140	0	0	0	5568	3046	25	21	-1	
3	1	1140	1	0	0	5568	3046	25	21	-1	
4	1	1140	1	1	0	5568	3046	25	21	-1	
5	1	1140	1	1	1	5568	3046	25	21	47.005581	i,
2	1	1141	0	0	0	5778	3041	81	24	-1	
3	1	1141	1	0	0	5778	3041	81	24	-1	
4	1	1141	1	1	0	5778	3041	81	24	-1	
5	1	1141	1	1	1	5778	3041	81	24	96.175400	Amasya
2	1	1142	0	0	0	6029	2991	106	67	-1	
3	1	1142	1	0	0	6029	2991	106	67	-1	
4	1	1142	1	1	0	6029	2991	106	67	-1	
5	1	1142	1	1	1	6029	2991	106	67	80.788940	Trebizond
2	1	1143	0	0	0	643	3021	144	52	-1	
3	1	1143	1	0	0	643	3021	144	52	-1	
4	1	1143	1	1	0	643	3021	144	52	-1	
5	1	1143	1	1	1	643	3021	15	52	58.716618	)
5	1	1143	1	1	2	688	3031	79	32	58.057270	Beijing.
5	1	1143	1	1	3	773	3047	14	23	54.223953	4
2	1	1144	0	0	0	907	3047	75	27	-1	
3	1	1144	1	0	0	907	3047	75	27	-1	
4	1	1144	1	1	0	907	3047	75	27	-1	
5	1	1144	1	1	1	907	3047	75	27	10.435898	OR
2	1	1145	0	0	0	991	3069	89	19	-1	
3	1	1145	1	0	0	991	3069	89	19	-1	
4	1	1145	1	1	0	991	3069	89	19	-1	
5	1	1145	1	1	1	991	3069	64	19	62.927334	lonshu
2	1	1146	0	0	0	1082	3055	27	23	-1	
3	1	1146	1	0	0	1082	3055	27	23	-1	
4	1	1146	1	1	0	1082	3055	27	23	-1	
5	1	1146	1	1	1	1082	3055	27	23	78.181015	SE
2	1	1147	0	0	0	1331	3059	20	15	-1	
3	1	1147	1	0	0	1331	3059	20	15	-1	
4	1	1147	1	1	0	1331	3059	20	15	-1	
5	1	1147	1	1	1	1331	3059	20	15	8.364029	i]
2	1	1148	0	0	0	1686	3005	55	74	-1	
3	1	1148	1	0	0	1686	3005	55	74	-1	
4	1	1148	1	1	0	1686	3005	55	74	-1	
5	1	1148	1	1	1	1686	3005	55	74	5.702202	e
2	1	1149	0	0	0	2830	3033	75	41	-1	
3	1	1149	1	0	0	2830	3033	75	41	-1	
4	1	1149	1	1	0	2830	3033	75	41	-1	
5	1	1149	1	1	1	2830	3033	75	41	61.715912	Gut
2	1	1150	0	0	0	3133	3064	67	18	-1	
3	1	1150	1	0	0	3133	3064	67	18	-1	
4	1	1150	1	1	0	3133	3064	67	18	-1	
5	1	1150	1	1	1	3133	3064	67	18	95.906319	Genoa
2	1	1151	0	0	0	3703	2978	105	97	-1	
3	1	1151	1	0	0	3703	2978	105	97	-1	
4	1	1151	1	1	0	3703	2978	105	97	-1	
5	1	1151	1	1	1	3703	2978	105	97	0.000000	o
2	1	1152	0	0	0	3980	3044	92	40	-1	
3	1	1152	1	0	0	3980	3044	92	40	-1	
4	1	1152	1	1	0	3980	3044	92	40	-1	
5	1	1152	1	1	1	3980	3044	34	40	34.413795	Se
5	1	1152	1	1	2	4030	3051	42	27	25.168083	Pe
2	1	1153	0	0	0	4170	3035	41	42	-1	
3	1	1153	1	0	0	4170	3035	41	42	-1	
4	1	1153	1	1	0	4170	3035	41	42	-1	
5	1	1153	1	1	1	4170	3035	41	42	18.248703	a
2	1	1154	0	0	0	4648	3017	123	57	-1	
3	1	1154	1	0	0	4648	3017	123	57	-1	
4	1	1154	1	1	0	4648	3017	123	57	-1	
5	1	1154	1	1	1	4648	3017	123	57	9.290009	@
2	1	1155	0	0	0	5411	3048	86	24	-1	
3	1	1155	1	0	0	5411	3048	86	24	-1	
4	1	1155	1	1	0	5411	3048	86	24	-1	
5	1	1155	1	1	1	5411	3048	86	24	57.325264	(ATOLLS
2	1	1156	0	0	0	805	3027	95	73	-1	
3	1	1156	1	0	0	805	3027	95	73	-1	
4	1	1156	1	1	0	805	3027	95	73	-1	
5	1	1156	1	1	1	805	3027	95	73	36.698078	tos
2	1	1157	0	0	0	1096	3078	88	34	-1	
3	1	1157	1	0	0	1096	3078	88	34	-1	
4	1	1157	1	1	0	1096	3078	88	34	-1	
5	1	1157	1	1	1	1096	3090	72	21	86.030884	APAN
5	1	1157	1	1	2	1179	3078	5	34	89.789421	|
2	1	1158	0	0	0	1630	3085	111	27	-1	
3	1	1158	1	0	0	1630	3085	111	27	-1	
4	1	1158	1	1	0	1630	3085	111	27	-1	
5	1	1158	1	1	1	1630	3091	17	21	41.820877	yey
5	1	1158	1	1	2	1684	3085	57	18	90.884262	Beira
2	1	1159	0	0	0	2190	3058	28	36	-1	
3	1	1159	1	0	0	2190	3058	28	36	-1	
4	1	1159	1	1	0	2190	3058	28	36	-1	
5	1	1159	1	1	1	2190	3058	28	36	0.000000	£
2	1	1160	0	0	0	2353	3078	26	32	-1	
3	1	1160	1	0	0	2353	3078	26	32	-1	
4	1	1160	1	1	0	2353	3078	26	32	-1	
5	1	1160	1	1	1	2353	3078	26	32	25.527344	a
2	1	1161	0	0	0	3749	3080	60	17	-1	
3	1	1161	1	0	0	3749	3080	60	17	-1	
4	1	1161	1	1	0	3749	3080	60	17	-1	
5	1	1161	1	1	1	3749	3080	60	17	95.847733	Roma
2	1	1162	0	0	0	4021	3102	12	13	-1	
3	1	1162	1	0	0	4021	3102	12	13	-1	
4	1	1162	1	1	0	4021	3102	12	13	-1	
5	1	1162	1	1	1	4021	3102	12	13	16.741096	s
2	1	1163	0	0	0	4702	3091	87	22	-1	
3	1	1163	1	0	0	4702	3091	87	22	-1	
4	1	1163	1	1	0	4702	3091	87	22	-1	
5	1	1163	1	1	1	4702	3091	87	22	0.000000	‘Selanilc
2	1	1164	0	0	0	5834	3083	35	12	-1	
3	1	1164	1	0	0	5834	3083	35	12	-1	
4	1	1164	1	1	0	5834	3083	35	12	-1	
5	1	1164	1	1	1	5834	3083	35	12	38.770794	ey
2	1	1165	0	0	0	6174	3072	178	27	-1	
3	1	1165	1	0	0	6174	3072	178	27	-1	
4	1	1165	1	1	0	6174	3072	178	27	-1	
5	1	1165	1	1	1	6174	3076	102	23	55.020683	Erzurum,
5	1	1165	1	1	2	6284	3085	9	12	0.000000	-
5	1	1165	1	1	3	6305	3081	12	13	33.532211	a
5	1	1165	1	1	4	6344	3072	8	11	0.000000	(@
2	1	1166	0	0	0	6441	3077	106	19	-1	
3	1	1166	1	0	0	6441	3077	106	19	-1	
4	1	1166	1	1	0	6441	3077	106	19	-1	
5	1	1166	1	1	1	6441	3077	81	17	92.028343	Yerevan
5	1	1166	1	1	2	6540	3090	7	6	37.063202	~
2	1	1167	0	0	0	337	3115	11	11	-1	
3	1	1167	1	0	0	337	3115	11	11	-1	
4	1	1167	1	1	0	337	3115	11	11	-1	
5	1	1167	1	1	1	337	3115	11	11	27.077957	\,
2	1	1168	0	0	0	907	3059	46	65	-1	
3	1	1168	1	0	0	907	3059	46	65	-1	
4	1	1168	1	1	0	907	3059	46	65	-1	
5	1	1168	1	1	1	907	3059	46	65	89.437508	6
2	1	1169	0	0	0	1144	3128	17	8	-1	
3	1	1169	1	0	0	1144	3128	17	8	-1	
4	1	1169	1	1	0	1144	3128	17	8	-1	
5	1	1169	1	1	1	1144	3128	17	8	57.939415	=
2	1	1170	0	0	0	1397	3120	12	12	-1	
3	1	1170	1	0	0	1397	3120	12	12	-1	
4	1	1170	1	1	0	1397	3120	12	12	-1	
5	1	1170	1	1	1	1397	3120	12	12	74.964439	&
2	1	1171	0	0	0	1560	3105	62	33	-1	
3	1	1171	1	0	0	1560	3105	62	33	-1	
4	1	1171	1	1	0	1560	3105	62	33	-1	
5	1	1171	1	1	1	1560	3105	62	33	56.007095	a
2	1	1172	0	0	0	2081	3076	77	44	-1	
3	1	1172	1	0	0	2081	3076	77	44	-1	
4	1	1172	1	1	0	2081	3076	77	44	-1	
5	1	1172	1	1	1	2081	3076	77	44	95.356148	Madrid
2	1	1173	0	0	0	2231	3127	21	11	-1	
3	1	1173	1	0	0	2231	3127	21	11	-1	
4	1	1173	1	1	0	2231	3127	21	11	-1	
5	1	1173	1	1	1	2231	3127	21	11	62.576187	oR
2	1	1174	0	0	0	4229	3131	51	7	-1	
3	1	1174	1	0	0	4229	3131	51	7	-1	
4	1	1174	1	1	0	4229	3131	51	7	-1	
5	1	1174	1	1	1	4229	3131	51	7	29.272003	Ses
2	1	1175	0	0	0	6015	3114	38	13	-1	
3	1	1175	1	0	0	6015	3114	38	13	-1	
4	1	1175	1	1	0	6015	3114	38	13	-1	
5	1	1175	1	1	1	6015	3114	38	13	10.909348	cr
2	1	1176	0	0	0	788	3110	30	38	-1	
3	1	1176	1	0	0	788	3110	30	38	-1	
4	1	1176	1	1	0	788	3110	30	38	-1	
5	1	1176	1	1	1	788	3110	30	38	86.380928	9
2	1	1177	0	0	0	1678	3113	41	35	-1	
3	1	1177	1	0	0	1678	3113	41	35	-1	
4	1	1177	1	1	0	1678	3113	41	35	-1	
5	1	1177	1	1	1	1678	3113	41	35	34.341980	Cay
2	1	1178	0	0	0	2320	3117	54	38	-1	
3	1	1178	1	0	0	2320	3117	54	38	-1	
4	1	1178	1	1	0	2320	3117	54	38	-1	
5	1	1178	1	1	1	2320	3117	54	38	0.000000	cA
2	1	1179	0	0	0	2419	3132	46	29	-1	
3	1	1179	1	0	0	2419	3132	46	29	-1	
4	1	1179	1	1	0	2419	3132	46	29	-1	
5	1	1179	1	1	1	2419	3132	46	29	15.345459	NY
2	1	1180	0	0	0	3955	3120	22	19	-1	
3	1	1180	1	0	0	3955	3120	22	19	-1	
4	1	1180	1	1	0	3955	3120	22	19	-1	
5	1	1180	1	1	1	3955	3120	3	17	38.439667	A
2	1	1181	0	0	0	4060	3131	60	22	-1	
3	1	1181	1	0	0	4060	3131	60	22	-1	
4	1	1181	1	1	0	4060	3131	60	22	-1	
5	1	1181	1	1	1	4060	3131	26	20	30.756157	en
5	1	1181	1	1	2	4091	3135	29	18	50.484787	RO
2	1	1182	0	0	0	5110	3108	116	56	-1	
3	1	1182	1	0	0	5110	3108	116	56	-1	
4	1	1182	1	1	0	5110	3108	116	56	-1	
5	1	1182	1	1	1	5110	3108	116	56	0.000000	Hitdavend
2	1	1183	0	0	0	5342	3122	55	18	-1	
3	1	1183	1	0	0	5342	3122	55	18	-1	
4	1	1183	1	1	0	5342	3122	55	18	-1	
5	1	1183	1	1	1	5342	3122	55	18	36.949623	(Te,
2	1	1184	0	0	0	5922	3137	60	20	-1	
3	1	1184	1	0	0	5922	3137	60	20	-1	
4	1	1184	1	1	0	5922	3137	60	20	-1	
5	1	1184	1	1	1	5922	3137	60	20	0.000000	—L
2	1	1185	0	0	0	6262	3136	31	21	-1	
3	1	1185	1	0	0	6262	3136	31	21	-1	
4	1	1185	1	1	0	6262	3136	31	21	-1	
5	1	1185	1	1	1	6262	3136	31	21	50.976086	apy
2	1	1186	0	0	0	6405	3135	84	15	-1	
3	1	1186	1	0	0	6405	3135	84	15	-1	
4	1	1186	1	1	0	6405	3135	84	15	-1	
5	1	1186	1	1	1	6405	3135	84	15	0.000000	wv
2	1	1187	0	0	0	612	3134	66	33	-1	
3	1	1187	1	0	0	612	3134	66	33	-1	
4	1	1187	1	1	0	612	3134	66	33	-1	
5	1	1187	1	1	1	612	3134	66	33	26.028305	oN
2	1	1188	0	0	0	705	3093	73	84	-1	
3	1	1188	1	0	0	705	3093	73	84	-1	
4	1	1188	1	1	0	705	3093	73	84	-1	
5	1	1188	1	1	1	705	3093	73	84	0.000000	Ay
2	1	1189	0	0	0	1429	3165	26	14	-1	
3	1	1189	1	0	0	1429	3165	26	14	-1	
4	1	1189	1	1	0	1429	3165	26	14	-1	
5	1	1189	1	1	1	1429	3165	26	14	39.962692	ES
2	1	1190	0	0	0	1563	3157	33	11	-1	
3	1	1190	1	0	0	1563	3157	33	11	-1	
4	1	1190	1	1	0	1563	3157	33	11	-1	
5	1	1190	1	1	1	1563	3157	33	11	60.879116	see
2	1	1191	0	0	0	3136	3112	63	56	-1	
3	1	1191	1	0	0	3136	3112	63	56	-1	
4	1	1191	1	1	0	3136	3112	63	56	-1	
5	1	1191	1	1	1	3136	3112	63	56	38.047619	ae
2	1	1192	0	0	0	3894	3127	59	44	-1	
3	1	1192	1	0	0	3894	3127	59	44	-1	
4	1	1192	1	1	0	3894	3127	59	44	-1	
5	1	1192	1	1	1	3894	3127	59	44	69.930534	ON
2	1	1193	0	0	0	4549	3147	36	20	-1	
3	1	1193	1	0	0	4549	3147	36	20	-1	
4	1	1193	1	1	0	4549	3147	36	20	-1	
5	1	1193	1	1	1	4545	3143	18	28	28.778107	op
5	1	1193	1	1	2	4573	3147	12	13	57.542542	»
2	1	1194	0	0	0	5267	3150	38	16	-1	
3	1	1194	1	0	0	5267	3150	38	16	-1	
4	1	1194	1	1	0	5267	3150	38	16	-1	
5	1	1194	1	1	1	5267	3150	38	16	36.607738	a
2	1	1195	0	0	0	5385	3169	53	15	-1	
3	1	1195	1	0	0	5385	3169	53	15	-1	
4	1	1195	1	1	0	5385	3169	53	15	-1	
5	1	1195	1	1	1	5385	3169	53	15	38.064026	AN
2	1	1196	0	0	0	5415	3149	33	16	-1	
3	1	1196	1	0	0	5415	3149	33	16	-1	
4	1	1196	1	1	0	5415	3149	33	16	-1	
5	1	1196	1	1	1	5415	3149	33	16	21.463737	ye
2	1	1197	0	0	0	5475	3151	126	19	-1	
3	1	1197	1	0	0	5475	3151	126	19	-1	
4	1	1197	1	1	0	5475	3151	126	19	-1	
5	1	1197	1	1	1	5475	3157	6	10	85.600159	\
5	1	1197	1	1	2	5494	3151	77	19	96.068230	Ankara
5	1	1197	1	1	3	5584	3161	17	9	75.873306	>
2	1	1198	0	0	0	5826	3164	39	12	-1	
3	1	1198	1	0	0	5826	3164	39	12	-1	
4	1	1198	1	1	0	5826	3164	39	12	-1	
5	1	1198	1	1	1	5826	3164	39	12	33.603256	am
2	1	1199	0	0	0	6084	3140	159	41	-1	
3	1	1199	1	0	0	6084	3140	159	41	-1	
4	1	1199	1	1	0	6084	3140	159	41	-1	
5	1	1199	1	1	1	6084	3140	65	37	9.546959	7
5	1	1199	1	1	2	6176	3136	67	55	34.636642	AG
2	1	1200	0	0	0	6623	3154	24	19	-1	
3	1	1200	1	0	0	6623	3154	24	19	-1	
4	1	1200	1	1	0	6623	3154	24	19	-1	
5	1	1200	1	1	1	6623	3154	24	19	28.536438	see
2	1	1201	0	0	0	740	3195	13	10	-1	
3	1	1201	1	0	0	740	3195	13	10	-1	
4	1	1201	1	1	0	740	3195	13	10	-1	
5	1	1201	1	1	1	740	3195	13	10	37.264130	27
2	1	1202	0	0	0	1360	3173	8	12	-1	
3	1	1202	1	0	0	1360	3173	8	12	-1	
4	1	1202	1	1	0	1360	3173	8	12	-1	
5	1	1202	1	1	1	1360	3173	8	12	0.000000	y
2	1	1203	0	0	0	1366	3179	84	19	-1	
3	1	1203	1	0	0	1366	3179	84	19	-1	
4	1	1203	1	1	0	1366	3179	84	19	-1	
5	1	1203	1	1	1	1366	3179	84	19	18.411850	rake?
2	1	1204	0	0	0	1843	3178	19	8	-1	
3	1	1204	1	0	0	1843	3178	19	8	-1	
4	1	1204	1	1	0	1843	3178	19	8	-1	
5	1	1204	1	1	1	1843	3178	19	8	35.862236	FS
2	1	1205	0	0	0	2800	3180	15	12	-1	
3	1	1205	1	0	0	2800	3180	15	12	-1	
4	1	1205	1	1	0	2800	3180	15	12	-1	
5	1	1205	1	1	1	2800	3180	15	12	32.373077	ad
2	1	1206	0	0	0	3928	3177	56	23	-1	
3	1	1206	1	0	0	3928	3177	56	23	-1	
4	1	1206	1	1	0	3928	3177	56	23	-1	
5	1	1206	1	1	1	3928	3177	56	23	11.600960	Napo!
2	1	1207	0	0	0	4010	3195	16	6	-1	
3	1	1207	1	0	0	4010	3195	16	6	-1	
4	1	1207	1	1	0	4010	3195	16	6	-1	
5	1	1207	1	1	1	4010	3195	16	6	0.000000	<
2	1	1208	0	0	0	4318	3181	34	12	-1	
3	1	1208	1	0	0	4318	3181	34	12	-1	
4	1	1208	1	1	0	4318	3181	34	12	-1	
5	1	1208	1	1	1	4318	3186	9	6	14.609222	0
5	1	1208	1	1	2	4349	3181	3	12	34.908905	|
2	1	1209	0	0	0	5224	3196	16	11	-1	
3	1	1209	1	0	0	5224	3196	16	11	-1	
4	1	1209	1	1	0	5224	3196	16	11	-1	
5	1	1209	1	1	1	5224	3196	16	11	24.861382	c
2	1	1210	0	0	0	5733	3179	67	16	-1	
3	1	1210	1	0	0	5733	3179	67	16	-1	
4	1	1210	1	1	0	5733	3179	67	16	-1	
5	1	1210	1	1	1	5733	3179	67	16	32.512810	=w
2	1	1211	0	0	0	5869	3174	72	20	-1	
3	1	1211	1	0	0	5869	3174	72	20	-1	
4	1	1211	1	1	0	5869	3174	72	20	-1	
5	1	1211	1	1	1	5865	3170	16	32	10.480026	ay
5	1	1211	1	1	2	5897	3170	16	32	33.954605	p>
5	1	1211	1	1	3	5926	3174	15	11	0.000000	A
2	1	1212	0	0	0	6091	3186	42	14	-1	
3	1	1212	1	0	0	6091	3186	42	14	-1	
4	1	1212	1	1	0	6091	3186	42	14	-1	
5	1	1212	1	1	1	6091	3186	42	14	52.302021	ey
2	1	1213	0	0	0	504	3187	79	26	-1	
3	1	1213	1	0	0	504	3187	79	26	-1	
4	1	1213	1	1	0	504	3187	79	26	-1	
5	1	1213	1	1	1	504	3187	79	26	81.133171	hengdu
2	1	1214	0	0	0	1513	3167	40	44	-1	
3	1	1214	1	0	0	1513	3167	40	44	-1	
4	1	1214	1	1	0	1513	3167	40	44	-1	
5	1	1214	1	1	1	1513	3167	40	44	78.040710	Q
2	1	1215	0	0	0	1682	3205	23	18	-1	
3	1	1215	1	0	0	1682	3205	23	18	-1	
4	1	1215	1	1	0	1682	3205	23	18	-1	
5	1	1215	1	1	1	1682	3205	23	18	1.696281	oo
2	1	1216	0	0	0	5103	3179	125	42	-1	
3	1	1216	1	0	0	5103	3179	125	42	-1	
4	1	1216	1	1	0	5103	3179	125	42	-1	
5	1	1216	1	1	1	5103	3179	125	42	16.962479	aoa
2	1	1217	0	0	0	5431	3183	41	25	-1	
3	1	1217	1	0	0	5431	3183	41	25	-1	
4	1	1217	1	1	0	5431	3183	41	25	-1	
5	1	1217	1	1	1	5431	3183	41	25	7.267212	Nw
2	1	1218	0	0	0	5593	3176	47	52	-1	
3	1	1218	1	0	0	5593	3176	47	52	-1	
4	1	1218	1	1	0	5593	3176	47	52	-1	
5	1	1218	1	1	1	5593	3180	30	48	39.776215	«
5	1	1218	1	1	2	5634	3176	6	24	60.159912	if
2	1	1219	0	0	0	5714	3210	18	10	-1	
3	1	1219	1	0	0	5714	3210	18	10	-1	
4	1	1219	1	1	0	5714	3210	18	10	-1	
5	1	1219	1	1	1	5714	3210	18	10	46.638317	ve
2	1	1220	0	0	0	6193	3203	59	20	-1	
3	1	1220	1	0	0	6193	3203	59	20	-1	
4	1	1220	1	1	0	6193	3203	59	20	-1	
5	1	1220	1	1	1	6193	3203	59	20	96.384850	Mush
2	1	1221	0	0	0	6675	3207	60	14	-1	
3	1	1221	1	0	0	6675	3207	60	14	-1	
4	1	1221	1	1	0	6675	3207	60	14	-1	
5	1	1221	1	1	1	6675	3207	60	14	0.000000	<
2	1	1222	0	0	0	595	3151	62	92	-1	
3	1	1222	1	0	0	595	3151	62	92	-1	
4	1	1222	1	1	0	595	3151	62	92	-1	
5	1	1222	1	1	1	595	3151	62	92	25.344421	be
2	1	1223	0	0	0	659	3210	36	37	-1	
3	1	1223	1	0	0	659	3210	36	37	-1	
4	1	1223	1	1	0	659	3210	36	37	-1	
5	1	1223	1	1	1	659	3210	36	37	12.858246	J)
2	1	1224	0	0	0	1143	3188	52	60	-1	
3	1	1224	1	0	0	1143	3188	52	60	-1	
4	1	1224	1	1	0	1143	3188	52	60	-1	
5	1	1224	1	1	1	1143	3188	52	60	58.096161	G|
2	1	1225	0	0	0	1544	3220	39	17	-1	
3	1	1225	1	0	0	1544	3220	39	17	-1	
4	1	1225	1	1	0	1544	3220	39	17	-1	
5	1	1225	1	1	1	1544	3220	39	17	91.744225	Lisb
2	1	1226	0	0	0	1997	3231	52	16	-1	
3	1	1226	1	0	0	1997	3231	52	16	-1	
4	1	1226	1	1	0	1997	3231	52	16	-1	
5	1	1226	1	1	1	1997	3231	52	16	95.033432	aw
2	1	1227	0	0	0	2324	3184	172	51	-1	
3	1	1227	1	0	0	2324	3184	172	51	-1	
4	1	1227	1	1	0	2324	3184	172	51	-1	
5	1	1227	1	1	1	2324	3192	53	43	51.686474	ak
5	1	1227	1	1	2	2409	3184	87	20	51.137844	Valencia
2	1	1228	0	0	0	2365	3232	19	19	-1	
3	1	1228	1	0	0	2365	3232	19	19	-1	
4	1	1228	1	1	0	2365	3232	19	19	-1	
5	1	1228	1	1	1	2365	3232	19	19	80.692894	»
2	1	1229	0	0	0	2765	3199	84	50	-1	
3	1	1229	1	0	0	2765	3199	84	50	-1	
4	1	1229	1	1	0	2765	3199	84	50	-1	
5	1	1229	1	1	1	2765	3199	84	50	0.000000	Ralexies
2	1	1230	0	0	0	4044	3201	42	42	-1	
3	1	1230	1	0	0	4044	3201	42	42	-1	
4	1	1230	1	1	0	4044	3201	42	42	-1	
5	1	1230	1	1	1	4044	3201	42	42	28.675194	ay
2	1	1231	0	0	0	4463	3239	6	6	-1	
3	1	1231	1	0	0	4463	3239	6	6	-1	
4	1	1231	1	1	0	4463	3239	6	6	-1	
5	1	1231	1	1	1	4463	3239	6	6	45.287704	‘N
2	1	1232	0	0	0	5422	3219	61	34	-1	
3	1	1232	1	0	0	5422	3219	61	34	-1	
4	1	1232	1	1	0	5422	3219	61	34	-1	
5	1	1232	1	1	1	5422	3219	61	34	29.972542	Fes
2	1	1233	0	0	0	6489	3229	39	21	-1	
3	1	1233	1	0	0	6489	3229	39	21	-1	
4	1	1233	1	1	0	6489	3229	39	21	-1	
5	1	1233	1	1	1	6489	3229	39	21	45.845070	(Ee
2	1	1234	0	0	0	6696	3240	15	8	-1	
3	1	1234	1	0	0	6696	3240	15	8	-1	
4	1	1234	1	1	0	6696	3240	15	8	-1	
5	1	1234	1	1	1	6696	3240	15	8	14.253761	net
2	1	1235	0	0	0	6701	3215	20	27	-1	
3	1	1235	1	0	0	6701	3215	20	27	-1	
4	1	1235	1	1	0	6701	3215	20	27	-1	
5	1	1235	1	1	1	6701	3215	20	27	21.789581	#3
2	1	1236	0	0	0	3789	3256	14	8	-1	
3	1	1236	1	0	0	3789	3256	14	8	-1	
4	1	1236	1	1	0	3789	3256	14	8	-1	
5	1	1236	1	1	1	3789	3256	14	8	19.356926	el
2	1	1237	0	0	0	4886	3227	147	27	-1	
3	1	1237	1	0	0	4886	3227	147	27	-1	
4	1	1237	1	1	0	4886	3227	147	27	-1	
5	1	1237	1	1	1	4886	3227	147	27	95.684723	AEGEAN
2	1	1238	0	0	0	5619	3244	134	31	-1	
3	1	1238	1	0	0	5619	3244	134	31	-1	
4	1	1238	1	1	0	5619	3244	134	31	-1	
5	1	1238	1	1	1	5619	3244	134	31	0.000000	SCARAMAD
2	1	1239	0	0	0	6346	3254	12	15	-1	
3	1	1239	1	0	0	6346	3254	12	15	-1	
4	1	1239	1	1	0	6346	3254	12	15	-1	
5	1	1239	1	1	1	6346	3254	12	15	56.571838	3
2	1	1240	0	0	0	6679	3252	32	12	-1	
3	1	1240	1	0	0	6679	3252	32	12	-1	
4	1	1240	1	1	0	6679	3252	32	12	-1	
5	1	1240	1	1	1	6679	3252	32	12	31.763733	en
2	1	1241	0	0	0	522	3269	67	15	-1	
3	1	1241	1	0	0	522	3269	67	15	-1	
4	1	1241	1	1	0	522	3269	67	15	-1	
5	1	1241	1	1	1	522	3269	67	15	3.576042	Deane
2	1	1242	0	0	0	1148	3255	46	33	-1	
3	1	1242	1	0	0	1148	3255	46	33	-1	
4	1	1242	1	1	0	1148	3255	46	33	-1	
5	1	1242	1	1	1	1148	3255	23	26	0.000000	#
5	1	1242	1	1	2	1193	3256	1	32	88.128754	|
2	1	1243	0	0	0	1809	3254	146	25	-1	
3	1	1243	1	0	0	1809	3254	146	25	-1	
4	1	1243	1	1	0	1809	3254	146	25	-1	
5	1	1243	1	1	1	1809	3254	120	25	77.894608	Badajoz
5	1	1243	1	1	2	1904	3250	23	34	43.050686	>”
5	1	1243	1	1	3	1936	3260	19	15	43.520744	4
2	1	1244	0	0	0	2038	3258	144	23	-1	
3	1	1244	1	0	0	2038	3258	144	23	-1	
4	1	1244	1	1	0	2038	3258	144	23	-1	
5	1	1244	1	1	1	2038	3254	67	36	0.000000	\ZvV
5	1	1244	1	1	2	2127	3266	55	15	66.917961	VV
2	1	1245	0	0	0	2175	3236	70	58	-1	
3	1	1245	1	0	0	2175	3236	70	58	-1	
4	1	1245	1	1	0	2175	3236	70	58	-1	
5	1	1245	1	1	1	2175	3236	70	58	24.230301	Lexi
2	1	1246	0	0	0	2647	3275	179	12	-1	
3	1	1246	1	0	0	2647	3275	179	12	-1	
4	1	1246	1	1	0	2647	3275	179	12	-1	
5	1	1246	1	1	1	2647	3282	48	4	22.094376	a
2	1	1247	0	0	0	4261	3273	85	19	-1	
3	1	1247	1	0	0	4261	3273	85	19	-1	
4	1	1247	1	1	0	4261	3273	85	19	-1	
5	1	1247	1	1	1	4261	3273	85	19	94.017509	Adriatic
2	1	1248	0	0	0	4931	3262	72	27	-1	
3	1	1248	1	0	0	4931	3262	72	27	-1	
4	1	1248	1	1	0	4931	3262	72	27	-1	
5	1	1248	1	1	1	4931	3262	72	27	68.775284	SEAT
2	1	1249	0	0	0	5149	3252	34	30	-1	
3	1	1249	1	0	0	5149	3252	34	30	-1	
4	1	1249	1	1	0	5149	3252	34	30	-1	
5	1	1249	1	1	1	5149	3252	34	30	0.000000	“)
2	1	1250	0	0	0	5241	3281	25	18	-1	
3	1	1250	1	0	0	5241	3281	25	18	-1	
4	1	1250	1	1	0	5241	3281	25	18	-1	
5	1	1250	1	1	1	5241	3281	25	18	25.563698	aoe
2	1	1251	0	0	0	5380	3278	12	8	-1	
3	1	1251	1	0	0	5380	3278	12	8	-1	
4	1	1251	1	1	0	5380	3278	12	8	-1	
5	1	1251	1	1	1	5380	3278	12	8	0.000000	¥e
2	1	1252	0	0	0	5980	3284	32	8	-1	
3	1	1252	1	0	0	5980	3284	32	8	-1	
4	1	1252	1	1	0	5980	3284	32	8	-1	
5	1	1252	1	1	1	5980	3284	32	8	54.294514	Re
2	1	1253	0	0	0	6537	3194	48	98	-1	
3	1	1253	1	0	0	6537	3194	48	98	-1	
4	1	1253	1	1	0	6537	3194	48	98	-1	
5	1	1253	1	1	1	6537	3194	48	98	79.342316	\
2	1	1254	0	0	0	6710	3268	27	20	-1	
3	1	1254	1	0	0	6710	3268	27	20	-1	
4	1	1254	1	1	0	6710	3268	27	20	-1	
5	1	1254	1	1	1	6710	3268	27	20	13.465820	ses
2	1	1255	0	0	0	491	3291	29	27	-1	
3	1	1255	1	0	0	491	3291	29	27	-1	
4	1	1255	1	1	0	491	3291	29	27	-1	
5	1	1255	1	1	1	491	3291	29	27	66.718391	L)
2	1	1256	0	0	0	2159	3303	20	9	-1	
3	1	1256	1	0	0	2159	3303	20	9	-1	
4	1	1256	1	1	0	2159	3303	20	9	-1	
5	1	1256	1	1	1	2159	3303	20	9	7.236160	bs
2	1	1257	0	0	0	3688	3286	92	31	-1	
3	1	1257	1	0	0	3688	3286	92	31	-1	
4	1	1257	1	1	0	3688	3286	92	31	-1	
5	1	1257	1	1	1	3684	3282	21	41	0.000000	~
2	1	1258	0	0	0	3813	3286	28	24	-1	
3	1	1258	1	0	0	3813	3286	28	24	-1	
4	1	1258	1	1	0	3813	3286	28	24	-1	
5	1	1258	1	1	1	3813	3286	28	24	20.201538	Ae
2	1	1259	0	0	0	4031	3252	72	53	-1	
3	1	1259	1	0	0	4031	3252	72	53	-1	
4	1	1259	1	1	0	4031	3252	72	53	-1	
5	1	1259	1	1	1	4031	3252	72	53	43.949883	Saleen
2	1	1260	0	0	0	4287	3299	34	18	-1	
3	1	1260	1	0	0	4287	3299	34	18	-1	
4	1	1260	1	1	0	4287	3299	34	18	-1	
5	1	1260	1	1	1	4287	3299	34	18	96.903282	Sea
2	1	1261	0	0	0	4660	3251	96	68	-1	
3	1	1261	1	0	0	4660	3251	96	68	-1	
4	1	1261	1	1	0	4660	3251	96	68	-1	
5	1	1261	1	1	1	4660	3251	96	68	75.147469	GREECE
2	1	1262	0	0	0	5669	3271	43	30	-1	
3	1	1262	1	0	0	5669	3271	43	30	-1	
4	1	1262	1	1	0	5669	3271	43	30	-1	
5	1	1262	1	1	1	5669	3271	43	30	55.741848	Se
2	1	1263	0	0	0	5886	3308	32	13	-1	
3	1	1263	1	0	0	5886	3308	32	13	-1	
4	1	1263	1	1	0	5886	3308	32	13	-1	
5	1	1263	1	1	1	5886	3308	32	13	36.639652	Ye
2	1	1264	0	0	0	6162	3283	87	20	-1	
3	1	1264	1	0	0	6162	3283	87	20	-1	
4	1	1264	1	1	0	6162	3283	87	20	-1	
5	1	1264	1	1	1	6162	3283	87	20	92.451424	KURDIS
2	1	1265	0	0	0	6245	3281	57	22	-1	
3	1	1265	1	0	0	6245	3281	57	22	-1	
4	1	1265	1	1	0	6245	3281	57	22	-1	
5	1	1265	1	1	1	6245	3281	57	22	0.000000	BUNNE
2	1	1266	0	0	0	6546	3315	16	7	-1	
3	1	1266	1	0	0	6546	3315	16	7	-1	
4	1	1266	1	1	0	6546	3315	16	7	-1	
5	1	1266	1	1	1	6546	3315	16	7	18.557426	+
2	1	1267	0	0	0	6557	3295	90	19	-1	
3	1	1267	1	0	0	6557	3295	90	19	-1	
4	1	1267	1	1	0	6557	3295	90	19	-1	
5	1	1267	1	1	1	6557	3300	27	14	48.926384	=~
5	1	1267	1	1	2	6606	3295	41	19	12.640808	Tabri:
2	1	1268	0	0	0	445	3317	72	18	-1	
3	1	1268	1	0	0	445	3317	72	18	-1	
4	1	1268	1	1	0	445	3317	72	18	-1	
5	1	1268	1	1	1	445	3317	72	18	62.371376	Burma’
2	1	1269	0	0	0	757	3273	68	65	-1	
3	1	1269	1	0	0	757	3273	68	65	-1	
4	1	1269	1	1	0	757	3273	68	65	-1	
5	1	1269	1	1	1	757	3273	68	65	29.184738	We
2	1	1270	0	0	0	1296	3275	173	69	-1	
3	1	1270	1	0	0	1296	3275	173	69	-1	
4	1	1270	1	1	0	1296	3275	173	69	-1	
5	1	1270	1	1	1	1296	3275	173	69	82.757278	CENTRAL.
2	1	1271	0	0	0	1639	3251	46	77	-1	
3	1	1271	1	0	0	1639	3251	46	77	-1	
4	1	1271	1	1	0	1639	3251	46	77	-1	
5	1	1271	1	1	1	1639	3251	46	77	48.505177	us
2	1	1272	0	0	0	1980	3278	49	49	-1	
3	1	1272	1	0	0	1980	3278	49	49	-1	
4	1	1272	1	1	0	1980	3278	49	49	-1	
5	1	1272	1	1	1	1980	3278	49	49	13.152847	o
2	1	1273	0	0	0	3402	3301	108	41	-1	
3	1	1273	1	0	0	3402	3301	108	41	-1	
4	1	1273	1	1	0	3402	3301	108	41	-1	
5	1	1273	1	1	1	3402	3301	82	41	77.712189	ardenya
5	1	1273	1	1	2	3504	3325	6	8	21.080437	/
2	1	1274	0	0	0	4640	3327	35	6	-1	
3	1	1274	1	0	0	4640	3327	35	6	-1	
4	1	1274	1	1	0	4640	3327	35	6	-1	
5	1	1274	1	1	1	4640	3327	35	6	34.512314	a,
2	1	1275	0	0	0	5276	3304	91	31	-1	
3	1	1275	1	0	0	5276	3304	91	31	-1	
4	1	1275	1	1	0	5276	3304	91	31	-1	
5	1	1275	1	1	1	5276	3304	91	31	9.729080	_AYDIN
2	1	1276	0	0	0	5309	3299	71	39	-1	
3	1	1276	1	0	0	5309	3299	71	39	-1	
4	1	1276	1	1	0	5309	3299	71	39	-1	
5	1	1276	1	1	1	5309	3299	71	39	80.361916	YDIN,
2	1	1277	0	0	0	5571	3327	16	13	-1	
3	1	1277	1	0	0	5571	3327	16	13	-1	
4	1	1277	1	1	0	5571	3327	16	13	-1	
5	1	1277	1	1	1	5571	3327	16	13	52.423195	xe
2	1	1278	0	0	0	5713	3313	76	19	-1	
3	1	1278	1	0	0	5713	3313	76	19	-1	
4	1	1278	1	1	0	5713	3313	76	19	-1	
5	1	1278	1	1	1	5713	3315	5	8	0.000000	A
5	1	1278	1	1	2	5728	3313	11	19	0.000000	4
5	1	1278	1	1	3	5761	3317	28	8	0.000000	ge
2	1	1279	0	0	0	6066	3287	40	38	-1	
3	1	1279	1	0	0	6066	3287	40	38	-1	
4	1	1279	1	1	0	6066	3287	40	38	-1	
5	1	1279	1	1	1	6066	3287	40	38	69.156540	Cc
2	1	1280	0	0	0	6694	3290	43	48	-1	
3	1	1280	1	0	0	6694	3290	43	48	-1	
4	1	1280	1	1	0	6694	3290	43	48	-1	
5	1	1280	1	1	1	6694	3290	43	48	63.522701	“4
2	1	1281	0	0	0	1953	3333	93	28	-1	
3	1	1281	1	0	0	1953	3333	93	28	-1	
4	1	1281	1	1	0	1953	3333	93	28	-1	
5	1	1281	1	1	1	1953	3333	93	28	90.805824	Cérdoba
2	1	1282	0	0	0	4836	3314	78	38	-1	
3	1	1282	1	0	0	4836	3314	78	38	-1	
4	1	1282	1	1	0	4836	3314	78	38	-1	
5	1	1282	1	1	1	4836	3314	78	38	63.843388	Ce
2	1	1283	0	0	0	5080	3298	100	61	-1	
3	1	1283	1	0	0	5080	3298	100	61	-1	
4	1	1283	1	1	0	5080	3298	100	61	-1	
5	1	1283	1	1	1	5080	3298	100	61	0.000000	ee
2	1	1284	0	0	0	5977	3332	20	17	-1	
3	1	1284	1	0	0	5977	3332	20	17	-1	
4	1	1284	1	1	0	5977	3332	20	17	-1	
5	1	1284	1	1	1	5977	3332	20	17	52.449512	q
2	1	1285	0	0	0	6642	3335	36	14	-1	
3	1	1285	1	0	0	6642	3335	36	14	-1	
4	1	1285	1	1	0	6642	3335	36	14	-1	
5	1	1285	1	1	1	6642	3335	36	14	19.974022	MRL.
2	1	1286	0	0	0	532	3277	91	109	-1	
3	1	1286	1	0	0	532	3277	91	109	-1	
4	1	1286	1	1	0	532	3277	91	109	-1	
5	1	1286	1	1	1	532	3277	91	109	45.769901	ail
2	1	1287	0	0	0	1283	3340	185	48	-1	
3	1	1287	1	0	0	1283	3340	185	48	-1	
4	1	1287	1	1	0	1283	3340	185	48	-1	
5	1	1287	1	1	1	1283	3340	185	48	96.506119	ATLANTIC
2	1	1288	0	0	0	2156	3333	65	44	-1	
3	1	1288	1	0	0	2156	3333	65	44	-1	
4	1	1288	1	1	0	2156	3333	65	44	-1	
5	1	1288	1	1	1	2156	3333	65	44	0.000000	oa
2	1	1289	0	0	0	2619	3363	17	8	-1	
3	1	1289	1	0	0	2619	3363	17	8	-1	
4	1	1289	1	1	0	2619	3363	17	8	-1	
5	1	1289	1	1	1	2619	3363	17	8	27.194443	sy
2	1	1290	0	0	0	5640	3352	38	23	-1	
3	1	1290	1	0	0	5640	3352	38	23	-1	
4	1	1290	1	1	0	5640	3352	38	23	-1	
5	1	1290	1	1	1	5640	3352	38	23	26.310814	Lape
2	1	1291	0	0	0	5816	3370	42	14	-1	
3	1	1291	1	0	0	5816	3370	42	14	-1	
4	1	1291	1	1	0	5816	3370	42	14	-1	
5	1	1291	1	1	1	5816	3370	42	14	60.165337	~g
2	1	1292	0	0	0	6062	3351	47	19	-1	
3	1	1292	1	0	0	6062	3351	47	19	-1	
4	1	1292	1	1	0	6062	3351	47	19	-1	
5	1	1292	1	1	1	6062	3351	47	19	92.526810	Urfa
2	1	1293	0	0	0	6647	3352	64	27	-1	
3	1	1293	1	0	0	6647	3352	64	27	-1	
4	1	1293	1	1	0	6647	3352	64	27	-1	
5	1	1293	1	1	1	6647	3358	18	7	16.935570	2
5	1	1293	1	1	2	6692	3352	19	27	70.037422	f
2	1	1294	0	0	0	140	3372	15	33	-1	
3	1	1294	1	0	0	140	3372	15	33	-1	
4	1	1294	1	1	0	140	3372	15	33	-1	
5	1	1294	1	1	1	140	3372	15	33	40.039639	(
2	1	1295	0	0	0	334	3371	18	35	-1	
3	1	1295	1	0	0	334	3371	18	35	-1	
4	1	1295	1	1	0	334	3371	18	35	-1	
5	1	1295	1	1	1	334	3371	18	35	21.543816	Hy
2	1	1296	0	0	0	1139	3389	32	3	-1	
3	1	1296	1	0	0	1139	3389	32	3	-1	
4	1	1296	1	1	0	1139	3389	32	3	-1	
5	1	1296	1	1	1	1139	3389	32	3	8.578552	—
2	1	1297	0	0	0	1928	3379	135	29	-1	
3	1	1297	1	0	0	1928	3379	135	29	-1	
4	1	1297	1	1	0	1928	3379	135	29	-1	
5	1	1297	1	1	1	1928	3379	135	29	0.000000	\NDALUGTA,
2	1	1298	0	0	0	2282	3386	17	18	-1	
3	1	1298	1	0	0	2282	3386	17	18	-1	
4	1	1298	1	1	0	2282	3386	17	18	-1	
5	1	1298	1	1	1	2282	3386	17	18	71.654968	AV,
2	1	1299	0	0	0	2320	3332	70	63	-1	
3	1	1299	1	0	0	2320	3332	70	63	-1	
4	1	1299	1	1	0	2320	3332	70	63	-1	
5	1	1299	1	1	1	2320	3332	70	63	3.837967	oy)
2	1	1300	0	0	0	3492	3333	217	76	-1	
3	1	1300	1	0	0	3492	3333	218	76	-1	
4	1	1300	1	1	0	3492	3333	217	76	-1	
5	1	1300	1	1	1	3492	3334	68	62	48.264572	RAL
5	1	1300	1	1	2	3573	3333	136	76	87.809647	MEDITE
2	1	1301	0	0	0	3714	3345	181	59	-1	
3	1	1301	1	0	0	3714	3345	181	59	-1	
4	1	1301	1	1	0	3714	3345	181	59	-1	
5	1	1301	1	1	1	3714	3345	181	59	11.109955	eT
2	1	1302	0	0	0	4839	3376	42	18	-1	
3	1	1302	1	0	0	4839	3376	42	18	-1	
4	1	1302	1	1	0	4839	3376	42	18	-1	
5	1	1302	1	1	1	4839	3376	42	18	85.303383	thin
2	1	1303	0	0	0	6362	3367	117	26	-1	
3	1	1303	1	0	0	6362	3352	132	41	-1	
4	1	1303	1	1	0	6362	3367	117	26	-1	
5	1	1303	1	1	1	6362	3367	117	26	0.000000	Mosul
2	1	1304	0	0	0	2329	3403	51	12	-1	
3	1	1304	1	0	0	2329	3403	51	12	-1	
4	1	1304	1	1	0	2329	3403	51	12	-1	
5	1	1304	1	1	1	2329	3403	51	12	0.000000	jurcia
2	1	1305	0	0	0	4746	3386	27	40	-1	
3	1	1305	1	0	0	4746	3386	27	40	-1	
4	1	1305	1	1	0	4746	3386	27	40	-1	
5	1	1305	1	1	1	4742	3368	11	64	22.488068	F
2	1	1306	0	0	0	5638	3417	25	12	-1	
3	1	1306	1	0	0	5638	3417	25	12	-1	
4	1	1306	1	1	0	5638	3417	25	12	-1	
5	1	1306	1	1	1	5638	3417	25	12	11.897842	LG
2	1	1307	0	0	0	5751	3419	50	18	-1	
3	1	1307	1	0	0	5751	3419	50	18	-1	
4	1	1307	1	1	0	5751	3419	50	18	-1	
5	1	1307	1	1	1	5751	3419	50	18	96.063339	dana
2	1	1308	0	0	0	128	3428	55	22	-1	
3	1	1308	1	0	0	128	3428	55	22	-1	
4	1	1308	1	1	0	128	3428	55	22	-1	
5	1	1308	1	1	1	124	3421	11	33	76.050064	\
5	1	1308	1	1	2	128	3428	55	22	31.169876	GZ
2	1	1309	0	0	0	308	3432	9	7	-1	
3	1	1309	1	0	0	308	3432	9	7	-1	
4	1	1309	1	1	0	308	3432	9	7	-1	
5	1	1309	1	1	1	308	3432	9	7	40.402000	Zs
2	1	1310	0	0	0	1011	3456	18	4	-1	
3	1	1310	1	0	0	1011	3456	18	4	-1	
4	1	1310	1	1	0	1011	3456	18	4	-1	
5	1	1310	1	1	1	1011	3456	18	4	23.511475	=
2	1	1311	0	0	0	1834	3421	68	19	-1	
3	1	1311	1	0	0	1834	3421	68	19	-1	
4	1	1311	1	1	0	1834	3421	68	19	-1	
5	1	1311	1	1	1	1834	3421	68	19	82.448860	‘Sevilla
2	1	1312	0	0	0	2022	3406	145	45	-1	
3	1	1312	1	0	0	2022	3406	145	45	-1	
4	1	1312	1	1	0	2022	3406	145	45	-1	
5	1	1312	1	1	1	2022	3419	27	18	1.480797	—
5	1	1312	1	1	2	2062	3406	89	45	24.270081	einai
5	1	1312	1	1	3	2163	3448	4	3	6.387253	:
2	1	1313	0	0	0	2719	3394	274	44	-1	
3	1	1313	1	0	0	2719	3394	274	44	-1	
4	1	1313	1	1	0	2719	3394	274	44	-1	
5	1	1313	1	1	1	2719	3394	237	44	59.986473	\TERRANEAN?
5	1	1313	1	1	2	2988	3410	5	6	68.698616	-
2	1	1314	0	0	0	3896	3437	26	5	-1	
3	1	1314	1	0	0	3896	3437	26	5	-1	
4	1	1314	1	1	0	3896	3437	26	5	-1	
5	1	1314	1	1	1	3896	3437	26	5	27.737389	=
2	1	1315	0	0	0	4985	3422	62	17	-1	
3	1	1315	1	0	0	4985	3422	62	17	-1	
4	1	1315	1	1	0	4985	3422	62	17	-1	
5	1	1315	1	1	1	4985	3422	62	17	96.074432	Naxos
2	1	1316	0	0	0	5352	3425	25	18	-1	
3	1	1316	1	0	0	5352	3425	25	18	-1	
4	1	1316	1	1	0	5352	3425	25	18	-1	
5	1	1316	1	1	1	5352	3425	25	18	77.357315	‘Te!
2	1	1317	0	0	0	5676	3427	19	11	-1	
3	1	1317	1	0	0	5676	3427	19	11	-1	
4	1	1317	1	1	0	5676	3427	19	11	-1	
5	1	1317	1	1	1	5676	3427	19	11	28.770775	Wy
2	1	1318	0	0	0	6053	3440	59	12	-1	
3	1	1318	1	0	0	6053	3440	59	12	-1	
4	1	1318	1	1	0	6053	3440	59	12	-1	
5	1	1318	1	1	1	6053	3440	59	12	17.213219	oe,
2	1	1319	0	0	0	565	3431	52	46	-1	
3	1	1319	1	0	0	565	3431	52	46	-1	
4	1	1319	1	1	0	565	3431	52	46	-1	
5	1	1319	1	1	1	565	3431	52	46	38.122238	Ky
2	1	1320	0	0	0	948	3447	15	21	-1	
3	1	1320	1	0	0	948	3447	15	21	-1	
4	1	1320	1	1	0	948	3447	15	21	-1	
5	1	1320	1	1	1	948	3447	15	21	68.377861	I
2	1	1321	0	0	0	2570	3419	145	49	-1	
3	1	1321	1	0	0	2570	3419	145	49	-1	
4	1	1321	1	1	0	2570	3419	145	49	-1	
5	1	1321	1	1	1	2570	3444	28	24	67.679237	gn
5	1	1321	1	1	2	2636	3419	79	35	84.452881	MED
2	1	1322	0	0	0	3959	3465	15	12	-1	
3	1	1322	1	0	0	3959	3465	15	12	-1	
4	1	1322	1	1	0	3959	3465	15	12	-1	
5	1	1322	1	1	1	3959	3465	15	12	30.014427	El
2	1	1323	0	0	0	5224	3452	42	13	-1	
3	1	1323	1	0	0	5224	3452	42	13	-1	
4	1	1323	1	1	0	5224	3452	42	13	-1	
5	1	1323	1	1	1	5224	3452	42	13	33.694717	ente:
2	1	1324	0	0	0	5552	3442	69	38	-1	
3	1	1324	1	0	0	5552	3442	69	38	-1	
4	1	1324	1	1	0	5552	3442	69	38	-1	
5	1	1324	1	1	1	5552	3442	69	38	21.483856	eens
2	1	1325	0	0	0	5863	3447	87	25	-1	
3	1	1325	1	0	0	5863	3447	87	25	-1	
4	1	1325	1	1	0	5863	3447	87	25	-1	
5	1	1325	1	1	1	5863	3447	6	13	0.000000	*
5	1	1325	1	1	2	5887	3453	63	19	81.309006	Halab
2	1	1326	0	0	0	611	3470	29	26	-1	
3	1	1326	1	0	0	611	3470	29	26	-1	
4	1	1326	1	1	0	611	3470	29	26	-1	
5	1	1326	1	1	1	611	3470	29	26	45.589523	6)
2	1	1327	0	0	0	819	3466	59	30	-1	
3	1	1327	1	0	0	819	3466	59	30	-1	
4	1	1327	1	1	0	819	3466	59	30	-1	
5	1	1327	1	1	1	819	3466	59	30	79.073334	mo
2	1	1328	0	0	0	2451	3453	96	47	-1	
3	1	1328	1	0	0	2451	3453	96	47	-1	
4	1	1328	1	1	0	2451	3453	96	47	-1	
5	1	1328	1	1	1	2451	3453	96	47	76.236824	west
2	1	1329	0	0	0	3857	3486	36	18	-1	
3	1	1329	1	0	0	3857	3486	36	18	-1	
4	1	1329	1	1	0	3857	3486	36	18	-1	
5	1	1329	1	1	1	3857	3486	36	18	66.105705	ICI
2	1	1330	0	0	0	3879	3472	41	13	-1	
3	1	1330	1	0	0	3879	3472	41	13	-1	
4	1	1330	1	1	0	3879	3472	41	13	-1	
5	1	1330	1	1	1	3879	3472	41	13	32.125694	ae
2	1	1331	0	0	0	4966	3480	27	14	-1	
3	1	1331	1	0	0	4966	3480	27	14	-1	
4	1	1331	1	1	0	4966	3480	27	14	-1	
5	1	1331	1	1	1	4966	3480	27	14	91.341278	AG
2	1	1332	0	0	0	6281	3482	35	13	-1	
3	1	1332	1	0	0	6281	3482	35	13	-1	
4	1	1332	1	1	0	6281	3482	35	13	-1	
5	1	1332	1	1	1	6281	3482	35	13	49.351570	SS
2	1	1333	0	0	0	484	3444	56	65	-1	
3	1	1333	1	0	0	484	3444	56	65	-1	
4	1	1333	1	1	0	484	3444	56	65	-1	
5	1	1333	1	1	1	484	3444	56	65	64.017372	©
2	1	1334	0	0	0	664	3475	85	41	-1	
3	1	1334	1	0	0	664	3475	85	41	-1	
4	1	1334	1	1	0	664	3475	85	41	-1	
5	1	1334	1	1	1	664	3475	85	41	20.549461	ae
2	1	1335	0	0	0	1712	3494	67	19	-1	
3	1	1335	1	0	0	1712	3494	67	19	-1	
4	1	1335	1	1	0	1712	3494	67	19	-1	
5	1	1335	1	1	1	1712	3494	67	19	56.440067	Sevilla
2	1	1336	0	0	0	1902	3493	134	19	-1	
3	1	1336	1	0	0	1902	3493	134	19	-1	
4	1	1336	1	1	0	1902	3493	134	19	-1	
5	1	1336	1	1	1	1902	3493	20	15	50.380993	gy
5	1	1336	1	1	2	1941	3494	95	18	95.991035	Gibraltar
2	1	1337	0	0	0	3307	3490	113	38	-1	
3	1	1337	1	0	0	3307	3490	113	38	-1	
4	1	1337	1	1	0	3307	3490	113	38	-1	
5	1	1337	1	1	1	3307	3486	35	52	14.714668	__
2	1	1338	0	0	0	3687	3498	77	19	-1	
3	1	1338	1	0	0	3687	3498	77	19	-1	
4	1	1338	1	1	0	3687	3498	77	19	-1	
5	1	1338	1	1	1	3687	3505	3	6	34.969315	\
5	1	1338	1	1	2	3712	3498	52	19	21.155075	Paler:
2	1	1339	0	0	0	3830	3497	21	19	-1	
3	1	1339	1	0	0	3830	3497	21	19	-1	
4	1	1339	1	1	0	3830	3497	21	19	-1	
5	1	1339	1	1	1	3830	3497	21	19	9.119118	We
2	1	1340	0	0	0	3931	3508	74	18	-1	
3	1	1340	1	0	0	3931	3508	74	18	-1	
4	1	1340	1	1	0	3931	3508	74	18	-1	
5	1	1340	1	1	1	3931	3508	74	18	89.173149	Mesina
2	1	1341	0	0	0	3957	3475	58	34	-1	
3	1	1341	1	0	0	3957	3475	58	34	-1	
4	1	1341	1	1	0	3957	3475	58	34	-1	
5	1	1341	1	1	1	3957	3475	58	34	4.229095	iQ
2	1	1342	0	0	0	5132	3474	57	44	-1	
3	1	1342	1	0	0	5132	3474	57	44	-1	
4	1	1342	1	1	0	5132	3474	57	44	-1	
5	1	1342	1	1	1	5132	3474	57	44	12.067444	Cc;
2	1	1343	0	0	0	5776	3484	83	40	-1	
3	1	1343	1	0	0	5776	3484	83	40	-1	
4	1	1343	1	1	0	5776	3484	83	40	-1	
5	1	1343	1	1	1	5776	3484	83	40	65.451111	eC
2	1	1344	0	0	0	5946	3501	43	24	-1	
3	1	1344	1	0	0	5946	3501	43	24	-1	
4	1	1344	1	1	0	5946	3501	43	24	-1	
5	1	1344	1	1	1	5946	3501	43	24	87.338417	Gi
2	1	1345	0	0	0	6255	3490	73	29	-1	
3	1	1345	1	0	0	6255	3490	73	29	-1	
4	1	1345	1	1	0	6255	3490	73	29	-1	
5	1	1345	1	1	1	6255	3490	73	29	48.473663	Maso
2	1	1346	0	0	0	458	3536	16	13	-1	
3	1	1346	1	0	0	458	3536	16	13	-1	
4	1	1346	1	1	0	458	3536	16	13	-1	
5	1	1346	1	1	1	458	3536	16	13	43.109112	Bet
2	1	1347	0	0	0	484	3513	52	20	-1	
3	1	1347	1	0	0	484	3513	52	20	-1	
4	1	1347	1	1	0	484	3513	52	20	-1	
5	1	1347	1	1	1	484	3513	52	20	96.957207	Aceh
2	1	1348	0	0	0	567	3526	28	11	-1	
3	1	1348	1	0	0	567	3526	28	11	-1	
4	1	1348	1	1	0	567	3526	28	11	-1	
5	1	1348	1	1	1	567	3526	28	11	53.850349	LR
2	1	1349	0	0	0	3192	3529	24	23	-1	
3	1	1349	1	0	0	3192	3529	24	23	-1	
4	1	1349	1	1	0	3192	3529	24	23	-1	
5	1	1349	1	1	1	3192	3529	24	23	26.805649	(«
2	1	1350	0	0	0	5946	3527	36	12	-1	
3	1	1350	1	0	0	5946	3527	36	12	-1	
4	1	1350	1	1	0	5946	3527	36	12	-1	
5	1	1350	1	1	1	5946	3527	36	12	0.000000	S
2	1	1351	0	0	0	663	3561	42	14	-1	
3	1	1351	1	0	0	663	3561	42	14	-1	
4	1	1351	1	1	0	663	3561	42	14	-1	
5	1	1351	1	1	1	663	3561	42	14	23.342773	Pa
2	1	1352	0	0	0	812	3551	75	19	-1	
3	1	1352	1	0	0	812	3551	75	19	-1	
4	1	1352	1	1	0	812	3551	75	19	-1	
5	1	1352	1	1	1	812	3551	75	19	34.406158	loluccas
2	1	1353	0	0	0	2846	3510	54	63	-1	
3	1	1353	1	0	0	2846	3510	54	63	-1	
4	1	1353	1	1	0	2846	3510	54	63	-1	
5	1	1353	1	1	1	2846	3510	54	63	0.000000	.
2	1	1354	0	0	0	3506	3537	45	22	-1	
3	1	1354	1	0	0	3506	3537	45	22	-1	
4	1	1354	1	1	0	3506	3537	45	22	-1	
5	1	1354	1	1	1	3506	3537	45	22	25.426331	om
2	1	1355	0	0	0	5054	3526	135	30	-1	
3	1	1355	1	0	0	5054	3526	135	30	-1	
4	1	1355	1	1	0	5054	3526	135	30	-1	
5	1	1355	1	1	1	5054	3526	16	29	21.063850	Bei
5	1	1355	1	1	2	5112	3537	77	19	76.010185	Rhodes
2	1	1356	0	0	0	5499	3551	19	15	-1	
3	1	1356	1	0	0	5499	3551	19	15	-1	
4	1	1356	1	1	0	5499	3551	19	15	-1	
5	1	1356	1	1	1	5499	3551	19	15	2.651642	CG)
2	1	1357	0	0	0	5779	3544	103	22	-1	
3	1	1357	1	0	0	5779	3544	103	22	-1	
4	1	1357	1	1	0	5779	3544	103	22	-1	
5	1	1357	1	1	1	5779	3544	103	22	89.389458	Tarabulus
2	1	1358	0	0	0	5937	3544	57	22	-1	
3	1	1358	1	0	0	5937	3544	57	22	-1	
4	1	1358	1	1	0	5937	3544	57	22	-1	
5	1	1358	1	1	1	5937	3544	57	22	0.000000	Fa
2	1	1359	0	0	0	6520	3545	49	29	-1	
3	1	1359	1	0	0	6520	3545	49	29	-1	
4	1	1359	1	1	0	6520	3545	49	29	-1	
5	1	1359	1	1	1	6520	3545	49	29	70.051117	TRAC
2	1	1360	0	0	0	6568	3551	33	16	-1	
3	1	1360	1	0	0	6568	3551	33	16	-1	
4	1	1360	1	1	0	6568	3551	33	16	-1	
5	1	1360	1	1	1	6568	3551	33	16	67.715134	Qi:
2	1	1361	0	0	0	556	3538	42	40	-1	
3	1	1361	1	0	0	556	3538	42	40	-1	
4	1	1361	1	1	0	556	3538	42	40	-1	
5	1	1361	1	1	1	556	3538	42	40	90.986237	e
2	1	1362	0	0	0	599	3543	39	34	-1	
3	1	1362	1	0	0	599	3543	39	34	-1	
4	1	1362	1	1	0	599	3543	39	34	-1	
5	1	1362	1	1	1	599	3543	39	34	18.046989	2)
2	1	1363	0	0	0	890	3559	99	43	-1	
3	1	1363	1	0	0	890	3559	99	43	-1	
4	1	1363	1	1	0	890	3559	99	43	-1	
5	1	1363	1	1	1	890	3559	99	43	83.875809	Vogelkop
2	1	1364	0	0	0	3230	3570	18	17	-1	
3	1	1364	1	0	0	3230	3570	18	17	-1	
4	1	1364	1	1	0	3230	3570	18	17	-1	
5	1	1364	1	1	1	3230	3570	18	17	45.826763	g
2	1	1365	0	0	0	3389	3569	7	7	-1	
3	1	1365	1	0	0	3389	3569	7	7	-1	
4	1	1365	1	1	0	3389	3569	7	7	-1	
5	1	1365	1	1	1	3389	3569	7	7	37.961990	es
2	1	1366	0	0	0	3952	3593	29	5	-1	
3	1	1366	1	0	0	3952	3593	29	5	-1	
4	1	1366	1	1	0	3952	3593	29	5	-1	
5	1	1366	1	1	1	3952	3593	29	5	64.523773	J
2	1	1367	0	0	0	4732	3537	71	46	-1	
3	1	1367	1	0	0	4732	3537	71	46	-1	
4	1	1367	1	1	0	4732	3537	71	46	-1	
5	1	1367	1	1	1	4732	3537	71	46	21.374519	NEI
2	1	1368	0	0	0	5022	3554	58	25	-1	
3	1	1368	1	0	0	5022	3554	58	25	-1	
4	1	1368	1	1	0	5022	3554	58	25	-1	
5	1	1368	1	1	1	5022	3554	58	25	47.165627	hos
2	1	1369	0	0	0	6372	3551	136	44	-1	
3	1	1369	1	0	0	6372	3551	136	44	-1	
4	1	1369	1	1	0	6372	3551	136	44	-1	
5	1	1369	1	1	1	6372	3551	73	34	0.000000	“Tikrit
5	1	1369	1	1	2	6501	3583	7	12	60.507549	:
2	1	1370	0	0	0	6632	3567	14	9	-1	
3	1	1370	1	0	0	6632	3567	14	9	-1	
4	1	1370	1	1	0	6632	3567	14	9	-1	
5	1	1370	1	1	1	6632	3567	14	9	46.209301	oe
2	1	1371	0	0	0	502	3588	43	12	-1	
3	1	1371	1	0	0	502	3588	43	12	-1	
4	1	1371	1	1	0	502	3588	43	12	-1	
5	1	1371	1	1	1	502	3588	43	12	64.352997	=
2	1	1372	0	0	0	550	3600	62	19	-1	
3	1	1372	1	0	0	550	3600	62	19	-1	
4	1	1372	1	1	0	550	3600	62	19	-1	
5	1	1372	1	1	1	550	3600	62	19	96.422928	South
2	1	1373	0	0	0	1714	3538	63	63	-1	
3	1	1373	1	0	0	1714	3538	63	63	-1	
4	1	1373	1	1	0	1714	3538	63	63	-1	
5	1	1373	1	1	1	1714	3538	63	63	49.510017	be
2	1	1374	0	0	0	1958	3552	55	64	-1	
3	1	1374	1	0	0	1958	3552	55	64	-1	
4	1	1374	1	1	0	1958	3552	55	64	-1	
5	1	1374	1	1	1	1958	3552	55	64	43.564396	8,
2	1	1375	0	0	0	2832	3580	79	24	-1	
3	1	1375	1	0	0	2832	3580	79	24	-1	
4	1	1375	1	1	0	2832	3580	79	24	-1	
5	1	1375	1	1	1	2832	3580	79	24	92.791260	Mitidja
2	1	1376	0	0	0	3346	3581	83	18	-1	
3	1	1376	1	0	0	3346	3581	83	18	-1	
4	1	1376	1	1	0	3346	3581	83	18	-1	
5	1	1376	1	1	1	3346	3588	2	2	35.786591	©
5	1	1376	1	1	2	3357	3581	72	18	92.528351	Bizerte
2	1	1377	0	0	0	3501	3551	43	60	-1	
3	1	1377	1	0	0	3501	3551	43	60	-1	
4	1	1377	1	1	0	3501	3551	43	60	-1	
5	1	1377	1	1	1	3501	3551	43	60	19.942635	Gy
2	1	1378	0	0	0	4495	3587	20	27	-1	
3	1	1378	1	0	0	4495	3587	20	27	-1	
4	1	1378	1	1	0	4495	3587	20	27	-1	
5	1	1378	1	1	1	4495	3587	20	27	60.907261	a
2	1	1379	0	0	0	4727	3593	13	11	-1	
3	1	1379	1	0	0	4727	3593	13	11	-1	
4	1	1379	1	1	0	4727	3593	13	11	-1	
5	1	1379	1	1	1	4727	3593	13	11	45.039860	it
2	1	1380	0	0	0	5445	3602	14	7	-1	
3	1	1380	1	0	0	5445	3602	14	7	-1	
4	1	1380	1	1	0	5445	3602	14	7	-1	
5	1	1380	1	1	1	5445	3602	14	7	56.028320	&
2	1	1381	0	0	0	5494	3599	15	19	-1	
3	1	1381	1	0	0	5494	3599	15	19	-1	
4	1	1381	1	1	0	5494	3599	15	19	-1	
5	1	1381	1	1	1	5494	3599	15	19	14.586952	i,
2	1	1382	0	0	0	6212	3605	79	11	-1	
3	1	1382	1	0	0	6212	3605	79	11	-1	
4	1	1382	1	1	0	6212	3605	79	11	-1	
5	1	1382	1	1	1	6212	3605	79	11	0.000000	deme
2	1	1383	0	0	0	3234	3600	49	25	-1	
3	1	1383	1	0	0	3234	3600	49	25	-1	
4	1	1383	1	1	0	3234	3600	49	25	-1	
5	1	1383	1	1	1	3234	3600	49	25	87.751396	inah
2	1	1384	0	0	0	3400	3625	32	11	-1	
3	1	1384	1	0	0	3400	3625	32	11	-1	
4	1	1384	1	1	0	3400	3625	32	11	-1	
5	1	1384	1	1	1	3400	3625	32	11	69.140701	ay
2	1	1385	0	0	0	3491	3616	47	18	-1	
3	1	1385	1	0	0	3491	3616	47	18	-1	
4	1	1385	1	1	0	3491	3616	47	18	-1	
5	1	1385	1	1	1	3491	3616	47	18	56.760773	Tuni
2	1	1386	0	0	0	4968	3590	44	37	-1	
3	1	1386	1	0	0	4968	3590	44	37	-1	
4	1	1386	1	1	0	4968	3590	44	37	-1	
5	1	1386	1	1	1	4968	3590	44	37	44.848934	od
2	1	1387	0	0	0	5196	3602	115	20	-1	
3	1	1387	1	0	0	5196	3602	115	20	-1	
4	1	1387	1	1	0	5196	3602	115	20	-1	
5	1	1387	1	1	1	5196	3602	115	20	96.436501	Alexandria
2	1	1388	0	0	0	5538	3630	8	12	-1	
3	1	1388	1	0	0	5538	3630	8	12	-1	
4	1	1388	1	1	0	5538	3630	8	12	-1	
5	1	1388	1	1	1	5538	3630	8	12	11.322113	I
2	1	1389	0	0	0	5593	3613	74	24	-1	
3	1	1389	1	0	0	5593	3613	74	24	-1	
4	1	1389	1	1	0	5593	3613	74	24	-1	
5	1	1389	1	1	1	5593	3613	74	24	96.099205	Cyprus
2	1	1390	0	0	0	6051	3597	75	44	-1	
3	1	1390	1	0	0	6051	3597	75	44	-1	
4	1	1390	1	1	0	6051	3597	75	44	-1	
5	1	1390	1	1	1	6051	3597	75	44	12.459366	ee
2	1	1391	0	0	0	538	3627	87	18	-1	
3	1	1391	1	0	0	538	3627	87	18	-1	
4	1	1391	1	1	0	538	3627	87	18	-1	
5	1	1391	1	1	1	538	3627	87	18	96.353584	Sumatra
2	1	1392	0	0	0	1283	3615	46	49	-1	
3	1	1392	1	0	0	1283	3615	46	49	-1	
4	1	1392	1	1	0	1283	3615	46	49	-1	
5	1	1392	1	1	1	1283	3615	46	49	0.000000	e
2	1	1393	0	0	0	1864	3575	53	73	-1	
3	1	1393	1	0	0	1864	3575	53	73	-1	
4	1	1393	1	1	0	1864	3575	53	73	-1	
5	1	1393	1	1	1	1864	3575	53	73	0.000000	s
2	1	1394	0	0	0	1954	3627	62	18	-1	
3	1	1394	1	0	0	1954	3627	62	18	-1	
4	1	1394	1	1	0	1954	3627	62	18	-1	
5	1	1394	1	1	1	1954	3627	62	18	96.594513	Ceuta
2	1	1395	0	0	0	2164	3641	6	5	-1	
3	1	1395	1	0	0	2164	3641	6	5	-1	
4	1	1395	1	1	0	2164	3641	6	5	-1	
5	1	1395	1	1	1	2164	3641	6	5	40.951027	7
2	1	1396	0	0	0	2608	3632	54	18	-1	
3	1	1396	1	0	0	2608	3632	54	18	-1	
4	1	1396	1	1	0	2608	3632	54	18	-1	
5	1	1396	1	1	1	2608	3632	54	18	96.457169	Oran
2	1	1397	0	0	0	3236	3637	15	12	-1	
3	1	1397	1	0	0	3236	3637	15	12	-1	
4	1	1397	1	1	0	3236	3637	15	12	-1	
5	1	1397	1	1	1	3236	3637	15	12	48.421730	ie
2	1	1398	0	0	0	3816	3634	83	22	-1	
3	1	1398	1	0	0	3816	3634	83	22	-1	
4	1	1398	1	1	0	3816	3634	83	22	-1	
5	1	1398	1	1	1	3816	3634	83	22	0.000000	oS
2	1	1399	0	0	0	1853	3639	79	42	-1	
3	1	1399	1	0	0	1853	3639	79	42	-1	
4	1	1399	1	1	0	1853	3639	79	42	-1	
5	1	1399	1	1	1	1853	3639	79	42	30.048782	‘angiers
2	1	1400	0	0	0	2536	3670	38	15	-1	
3	1	1400	1	0	0	2536	3670	38	15	-1	
4	1	1400	1	1	0	2536	3670	38	15	-1	
5	1	1400	1	1	1	2536	3670	38	15	20.925354	ste
2	1	1401	0	0	0	3418	3663	20	15	-1	
3	1	1401	1	0	0	3418	3663	20	15	-1	
4	1	1401	1	1	0	3418	3663	20	15	-1	
5	1	1401	1	1	1	3418	3663	20	15	33.540108	‘N]
2	1	1402	0	0	0	4965	3654	67	27	-1	
3	1	1402	1	0	0	4965	3654	67	27	-1	
4	1	1402	1	1	0	4965	3654	67	27	-1	
5	1	1402	1	1	1	4965	3654	67	27	65.894913	Creta_
2	1	1403	0	0	0	5094	3666	12	6	-1	
3	1	1403	1	0	0	5094	3666	12	6	-1	
4	1	1403	1	1	0	5094	3666	12	6	-1	
5	1	1403	1	1	1	5094	3666	12	6	67.489693	-
2	1	1404	0	0	0	5428	3644	99	26	-1	
3	1	1404	1	0	0	5428	3644	99	26	-1	
4	1	1404	1	1	0	5428	3644	99	26	-1	
5	1	1404	1	1	1	5428	3655	6	9	31.910652	x
5	1	1404	1	1	2	5444	3644	83	26	28.468277	Nee
2	1	1405	0	0	0	5908	3660	30	18	-1	
3	1	1405	1	0	0	5908	3660	30	18	-1	
4	1	1405	1	1	0	5908	3660	30	18	-1	
5	1	1405	1	1	1	5908	3660	30	18	61.607300	Sf.
2	1	1406	0	0	0	270	3613	84	82	-1	
3	1	1406	1	0	0	270	3613	84	82	-1	
4	1	1406	1	1	0	270	3613	84	82	-1	
5	1	1406	1	1	1	270	3613	84	82	41.285011	wy
2	1	1407	0	0	0	2603	3688	22	24	-1	
3	1	1407	1	0	0	2603	3688	22	24	-1	
4	1	1407	1	1	0	2603	3688	22	24	-1	
5	1	1407	1	1	1	2603	3688	22	24	36.452160	*
2	1	1408	0	0	0	2715	3701	27	11	-1	
3	1	1408	1	0	0	2715	3701	27	11	-1	
4	1	1408	1	1	0	2715	3701	27	11	-1	
5	1	1408	1	1	1	2715	3701	27	11	89.375145	AL
2	1	1409	0	0	0	2736	3678	51	25	-1	
3	1	1409	1	0	0	2736	3678	51	25	-1	
4	1	1409	1	1	0	2736	3678	51	25	-1	
5	1	1409	1	1	1	2736	3678	51	25	0.000000	UGIE}
2	1	1410	0	0	0	2791	3677	13	14	-1	
3	1	1410	1	0	0	2791	3677	13	14	-1	
4	1	1410	1	1	0	2791	3677	13	14	-1	
5	1	1410	1	1	1	2791	3677	13	14	94.128502	RS
2	1	1411	0	0	0	2792	3686	17	9	-1	
3	1	1411	1	0	0	2792	3686	17	9	-1	
4	1	1411	1	1	0	2792	3686	17	9	-1	
5	1	1411	1	1	1	2792	3686	17	9	88.883636	RS
2	1	1412	0	0	0	3332	3630	73	68	-1	
3	1	1412	1	0	0	3332	3630	73	68	-1	
4	1	1412	1	1	0	3332	3630	73	68	-1	
5	1	1412	1	1	1	3332	3630	73	68	0.000000	@
2	1	1413	0	0	0	3516	3683	46	29	-1	
3	1	1413	1	0	0	3516	3683	46	29	-1	
4	1	1413	1	1	0	3516	3683	46	29	-1	
5	1	1413	1	1	1	3516	3683	46	29	27.207581	a
2	1	1414	0	0	0	3898	3639	53	62	-1	
3	1	1414	1	0	0	3898	3639	53	62	-1	
4	1	1414	1	1	0	3898	3639	53	62	-1	
5	1	1414	1	1	1	3898	3639	53	62	59.854897	%
2	1	1415	0	0	0	5223	3648	63	60	-1	
3	1	1415	1	0	0	5223	3648	63	60	-1	
4	1	1415	1	1	0	5223	3648	63	60	-1	
5	1	1415	1	1	1	5223	3648	63	60	48.364506	ae
2	1	1416	0	0	0	5472	3692	50	8	-1	
3	1	1416	1	0	0	5472	3692	50	8	-1	
4	1	1416	1	1	0	5472	3692	50	8	-1	
5	1	1416	1	1	1	5472	3692	50	8	45.318981	=
2	1	1417	0	0	0	5816	3687	95	25	-1	
3	1	1417	1	0	0	5816	3687	95	25	-1	
4	1	1417	1	1	0	5816	3687	95	25	-1	
5	1	1417	1	1	1	5816	3687	95	25	66.266418	Dimashq
2	1	1418	0	0	0	6059	3642	63	57	-1	
3	1	1418	1	0	0	6059	3642	63	57	-1	
4	1	1418	1	1	0	6059	3642	63	57	-1	
5	1	1418	1	1	1	6059	3642	63	57	46.572666	ae
2	1	1419	0	0	0	776	3640	100	89	-1	
3	1	1419	1	0	0	776	3640	100	89	-1	
4	1	1419	1	1	0	776	3640	100	89	-1	
5	1	1419	1	1	1	776	3640	100	89	9.529922	x
2	1	1420	0	0	0	1247	3678	100	38	-1	
3	1	1420	1	0	0	1247	3678	100	38	-1	
4	1	1420	1	1	0	1247	3678	100	38	-1	
5	1	1420	1	1	1	1247	3704	4	12	0.000000	.
5	1	1420	1	1	2	1261	3678	86	32	96.380089	Madeira
2	1	1421	0	0	0	2483	3721	7	5	-1	
3	1	1421	1	0	0	2483	3721	7	5	-1	
4	1	1421	1	1	0	2483	3721	7	5	-1	
5	1	1421	1	1	1	2483	3721	7	5	36.734924	2
2	1	1422	0	0	0	3893	3705	62	18	-1	
3	1	1422	1	0	0	3893	3705	62	18	-1	
4	1	1422	1	1	0	3893	3705	62	18	-1	
5	1	1422	1	1	1	3893	3705	62	18	95.952667	Malta
2	1	1423	0	0	0	6476	3662	99	60	-1	
3	1	1423	1	0	0	6476	3662	99	60	-1	
4	1	1423	1	1	0	6476	3662	99	60	-1	
5	1	1423	1	1	1	6476	3666	5	3	65.657257	:
5	1	1423	1	1	2	6484	3662	91	60	96.737244	Baghdad
2	1	1424	0	0	0	462	3728	13	10	-1	
3	1	1424	1	0	0	462	3728	13	10	-1	
4	1	1424	1	1	0	462	3728	13	10	-1	
5	1	1424	1	1	1	462	3728	13	10	25.897911	a
2	1	1425	0	0	0	1946	3739	26	18	-1	
3	1	1425	1	0	0	1946	3739	26	18	-1	
4	1	1425	1	1	0	1946	3739	26	18	-1	
5	1	1425	1	1	1	1946	3739	26	18	95.330788	ER
2	1	1426	0	0	0	2159	3731	29	8	-1	
3	1	1426	1	0	0	2159	3731	29	8	-1	
4	1	1426	1	1	0	2159	3731	29	8	-1	
5	1	1426	1	1	1	2159	3731	5	6	32.312271	CE
2	1	1427	0	0	0	2351	3716	90	34	-1	
3	1	1427	1	0	0	2351	3716	90	34	-1	
4	1	1427	1	1	0	2351	3716	90	34	-1	
5	1	1427	1	1	1	2351	3716	90	34	89.320854	Tlemcen
2	1	1428	0	0	0	2565	3710	45	44	-1	
3	1	1428	1	0	0	2565	3710	45	44	-1	
4	1	1428	1	1	0	2565	3710	45	44	-1	
5	1	1428	1	1	1	2565	3710	45	44	71.905029	G
2	1	1429	0	0	0	2826	3722	54	22	-1	
3	1	1429	1	0	0	2826	3722	54	22	-1	
4	1	1429	1	1	0	2826	3722	54	22	-1	
5	1	1429	1	1	1	2826	3722	54	22	35.537941	ee
2	1	1430	0	0	0	3506	3690	48	67	-1	
3	1	1430	1	0	0	3506	3690	48	67	-1	
4	1	1430	1	1	0	3506	3690	48	67	-1	
5	1	1430	1	1	1	3506	3690	48	67	32.111580	G;
2	1	1431	0	0	0	3561	3725	24	32	-1	
3	1	1431	1	0	0	3561	3725	24	32	-1	
4	1	1431	1	1	0	3561	3725	24	32	-1	
5	1	1431	1	1	1	3561	3725	24	32	63.541683	it)
2	1	1432	0	0	0	1846	3751	46	25	-1	
3	1	1432	1	0	0	1846	3751	46	25	-1	
4	1	1432	1	1	0	1846	3751	46	25	-1	
5	1	1432	1	1	1	1846	3751	46	25	60.708023	Wo
2	1	1433	0	0	0	1961	3754	43	9	-1	
3	1	1433	1	0	0	1961	3754	43	9	-1	
4	1	1433	1	1	0	1961	3754	43	9	-1	
5	1	1433	1	1	1	1961	3754	43	9	33.816826	pete
2	1	1434	0	0	0	2052	3701	50	60	-1	
3	1	1434	1	0	0	2052	3701	50	60	-1	
4	1	1434	1	1	0	2052	3701	50	60	-1	
5	1	1434	1	1	1	2052	3701	50	60	81.601418	©
2	1	1435	0	0	0	2058	3765	33	17	-1	
3	1	1435	1	0	0	2058	3765	33	17	-1	
4	1	1435	1	1	0	2058	3765	33	17	-1	
5	1	1435	1	1	1	2058	3765	33	17	90.695053	Fez
2	1	1436	0	0	0	2544	3760	114	21	-1	
3	1	1436	1	0	0	2544	3760	114	21	-1	
4	1	1436	1	1	0	2544	3760	114	21	-1	
5	1	1436	1	1	1	2544	3760	70	21	2.923187	Ash
5	1	1436	1	1	2	2607	3756	6	29	2.923187	>
5	1	1436	1	1	3	2624	3765	4	6	45.642998	—
5	1	1436	1	1	4	2646	3774	12	3	39.559040	=
2	1	1437	0	0	0	3512	3766	55	12	-1	
3	1	1437	1	0	0	3512	3766	55	12	-1	
4	1	1437	1	1	0	3512	3766	55	12	-1	
5	1	1437	1	1	1	3512	3766	55	12	33.277252	GUSse
2	1	1438	0	0	0	4956	3731	240	45	-1	
3	1	1438	1	0	0	4956	3731	240	45	-1	
4	1	1438	1	1	0	4956	3731	240	45	-1	
5	1	1438	1	1	1	4956	3731	240	45	78.013542	ITERRANEANt
2	1	1439	0	0	0	871	3766	156	24	-1	
3	1	1439	1	0	0	871	3766	156	24	-1	
4	1	1439	1	1	0	871	3766	156	24	-1	
5	1	1439	1	1	1	871	3766	62	24	96.148949	FAR
5	1	1439	1	1	2	946	3766	81	24	95.228531	EAST
2	1	1440	0	0	0	1682	3734	83	61	-1	
3	1	1440	1	0	0	1682	3734	83	61	-1	
4	1	1440	1	1	0	1682	3734	83	61	-1	
5	1	1440	1	1	1	1682	3734	83	61	0.000000	o&
2	1	1441	0	0	0	3342	3741	65	51	-1	
3	1	1441	1	0	0	3342	3741	65	51	-1	
4	1	1441	1	1	0	3342	3741	65	51	-1	
5	1	1441	1	1	1	3342	3741	65	51	0.000000	S
2	1	1442	0	0	0	4659	3775	34	11	-1	
3	1	1442	1	0	0	4659	3775	34	11	-1	
4	1	1442	1	1	0	4659	3775	34	11	-1	
5	1	1442	1	1	1	4659	3775	34	11	33.648926	Nan
2	1	1443	0	0	0	4712	3784	25	20	-1	
3	1	1443	1	0	0	4712	3784	25	20	-1	
4	1	1443	1	1	0	4712	3784	25	20	-1	
5	1	1443	1	1	1	4712	3784	25	20	70.886345	NA
2	1	1444	0	0	0	5700	3744	84	47	-1	
3	1	1444	1	0	0	5700	3744	84	47	-1	
4	1	1444	1	1	0	5700	3744	84	47	-1	
5	1	1444	1	1	1	5700	3744	84	47	57.297844	eC
2	1	1445	0	0	0	6089	3791	18	8	-1	
3	1	1445	1	0	0	6089	3791	18	8	-1	
4	1	1445	1	1	0	6089	3791	18	8	-1	
5	1	1445	1	1	1	6089	3791	18	8	2.122452	“N
2	1	1446	0	0	0	270	3743	84	81	-1	
3	1	1446	1	0	0	270	3743	84	81	-1	
4	1	1446	1	1	0	270	3743	84	81	-1	
5	1	1446	1	1	1	270	3743	84	81	15.084145	ey
2	1	1447	0	0	0	1707	3800	66	19	-1	
3	1	1447	1	0	0	1707	3800	66	19	-1	
4	1	1447	1	1	0	1707	3800	66	19	-1	
5	1	1447	1	1	1	1707	3800	66	19	92.994003	Gharb
2	1	1448	0	0	0	2192	3793	36	15	-1	
3	1	1448	1	0	0	2192	3793	36	15	-1	
4	1	1448	1	1	0	2192	3793	36	15	-1	
5	1	1448	1	1	1	2192	3793	36	15	67.360245	aa
2	1	1449	0	0	0	2264	3806	46	14	-1	
3	1	1449	1	0	0	2264	3806	46	14	-1	
4	1	1449	1	1	0	2264	3806	46	14	-1	
5	1	1449	1	1	1	2264	3806	46	14	30.521339	pier
2	1	1450	0	0	0	4739	3792	21	21	-1	
3	1	1450	1	0	0	4739	3792	21	21	-1	
4	1	1450	1	1	0	4739	3792	21	21	-1	
5	1	1450	1	1	1	4739	3792	21	21	0.000000	7c
2	1	1451	0	0	0	1903	3809	48	20	-1	
3	1	1451	1	0	0	1903	3809	48	20	-1	
4	1	1451	1	1	0	1903	3809	48	20	-1	
5	1	1451	1	1	1	1903	3809	48	20	47.024765	ag
2	1	1452	0	0	0	2479	3829	7	8	-1	
3	1	1452	1	0	0	2479	3829	7	8	-1	
4	1	1452	1	1	0	2479	3829	7	8	-1	
5	1	1452	1	1	1	2479	3829	7	8	44.545258	4
2	1	1453	0	0	0	5182	3800	109	46	-1	
3	1	1453	1	0	0	5182	3800	109	46	-1	
4	1	1453	1	1	0	5182	3800	109	46	-1	
5	1	1453	1	1	1	5182	3800	109	46	0.000000	_(ie
2	1	1454	0	0	0	5732	3808	49	24	-1	
3	1	1454	1	0	0	5732	3808	49	24	-1	
4	1	1454	1	1	0	5732	3808	49	24	-1	
5	1	1454	1	1	1	5732	3808	49	24	31.746490	Jaffa
2	1	1455	0	0	0	1331	3846	50	22	-1	
3	1	1455	1	0	0	1331	3846	50	22	-1	
4	1	1455	1	1	0	1331	3846	50	22	-1	
5	1	1455	1	1	1	1331	3846	50	22	29.892876	Bh,
2	1	1456	0	0	0	1802	3827	45	32	-1	
3	1	1456	1	0	0	1802	3827	45	32	-1	
4	1	1456	1	1	0	1802	3827	45	32	-1	
5	1	1456	1	1	1	1802	3827	45	32	20.262589	Ce
2	1	1457	0	0	0	2269	3847	138	18	-1	
3	1	1457	1	0	0	2269	3847	138	18	-1	
4	1	1457	1	1	0	2269	3847	138	18	-1	
5	1	1457	1	1	1	2269	3843	50	27	32.887543	“vv
5	1	1457	1	1	2	2341	3847	66	18	49.033470	7?
2	1	1458	0	0	0	4443	3830	98	46	-1	
3	1	1458	1	0	0	4443	3830	98	46	-1	
4	1	1458	1	1	0	4443	3830	98	46	-1	
5	1	1458	1	1	1	4443	3830	62	46	0.000000	anes
5	1	1458	1	1	2	4531	3852	10	20	11.614830	&
2	1	1459	0	0	0	890	3843	129	33	-1	
3	1	1459	1	0	0	890	3843	129	33	-1	
4	1	1459	1	1	0	890	3843	129	33	-1	
5	1	1459	1	1	1	890	3864	53	12	52.222347	—
5	1	1459	1	1	2	964	3843	55	27	34.385773	ae!
2	1	1460	0	0	0	1118	3868	62	14	-1	
3	1	1460	1	0	0	1118	3868	62	14	-1	
4	1	1460	1	1	0	1118	3868	62	14	-1	
5	1	1460	1	1	1	1118	3868	62	14	72.452637	astern
2	1	1461	0	0	0	1802	3854	42	25	-1	
3	1	1461	1	0	0	1802	3854	42	25	-1	
4	1	1461	1	1	0	1802	3854	42	25	-1	
5	1	1461	1	1	1	1802	3854	42	25	39.600563	ae
2	1	1462	0	0	0	1809	3877	42	19	-1	
3	1	1462	1	0	0	1809	3877	42	19	-1	
4	1	1462	1	1	0	1809	3877	42	19	-1	
5	1	1462	1	1	1	1809	3877	42	19	11.553146	fas
2	1	1463	0	0	0	1896	3880	81	15	-1	
3	1	1463	1	0	0	1896	3880	81	15	-1	
4	1	1463	1	1	0	1896	3880	81	15	-1	
5	1	1463	1	1	1	1896	3880	81	15	49.870354	AAA
2	1	1464	0	0	0	2406	3879	17	14	-1	
3	1	1464	1	0	0	2406	3879	17	14	-1	
4	1	1464	1	1	0	2406	3879	17	14	-1	
5	1	1464	1	1	1	2406	3879	17	14	40.970833	N
2	1	1465	0	0	0	4809	3861	44	15	-1	
3	1	1465	1	0	0	4809	3861	44	15	-1	
4	1	1465	1	1	0	4809	3861	44	15	-1	
5	1	1465	1	1	1	4809	3861	44	15	20.675667	y_~
2	1	1466	0	0	0	4914	3845	112	44	-1	
3	1	1466	1	0	0	4914	3845	112	44	-1	
4	1	1466	1	1	0	4914	3845	112	44	-1	
5	1	1466	1	1	1	4914	3845	30	44	11.548599	TS
5	1	1466	1	1	2	5007	3860	19	29	38.824409	ies
2	1	1467	0	0	0	5128	3854	213	44	-1	
3	1	1467	1	0	0	5128	3854	213	44	-1	
4	1	1467	1	1	0	5128	3854	213	44	-1	
5	1	1467	1	1	1	5128	3854	42	31	35.993713	io
5	1	1467	1	1	2	5206	3856	135	42	92.417458	Iskandariyya
2	1	1468	0	0	0	5618	3848	48	38	-1	
3	1	1468	1	0	0	5618	3848	48	38	-1	
4	1	1468	1	1	0	5618	3848	48	38	-1	
5	1	1468	1	1	1	5618	3848	48	38	58.998985	a)
2	1	1469	0	0	0	5901	3808	44	78	-1	
3	1	1469	1	0	0	5901	3808	44	78	-1	
4	1	1469	1	1	0	5901	3808	44	78	-1	
5	1	1469	1	1	1	5901	3808	44	78	43.969707	\
2	1	1470	0	0	0	960	3888	27	15	-1	
3	1	1470	1	0	0	960	3888	27	15	-1	
4	1	1470	1	1	0	960	3888	27	15	-1	
5	1	1470	1	1	1	960	3888	27	15	44.839714	vi
2	1	1471	0	0	0	1110	3889	65	19	-1	
3	1	1471	1	0	0	1110	3889	65	19	-1	
4	1	1471	1	1	0	1110	3889	65	19	-1	
5	1	1471	1	1	1	1110	3889	65	19	79.181458	ustrali
2	1	1472	0	0	0	1262	3885	70	23	-1	
3	1	1472	1	0	0	1262	3885	70	23	-1	
4	1	1472	1	1	0	1262	3885	70	23	-1	
5	1	1472	1	1	1	1262	3885	70	23	77.988991	“MAGA
2	1	1473	0	0	0	1335	3884	85	23	-1	
3	1	1473	1	0	0	1335	3884	85	23	-1	
4	1	1473	1	1	0	1335	3884	85	23	-1	
5	1	1473	1	1	1	1335	3884	85	23	26.430473	‘RONES|
2	1	1474	0	0	0	1987	3854	151	51	-1	
3	1	1474	1	0	0	1987	3854	151	51	-1	
4	1	1474	1	1	0	1987	3854	151	51	-1	
5	1	1474	1	1	1	1987	3883	16	12	19.528824	a
5	1	1474	1	1	2	2007	3854	131	51	25.181976	og
2	1	1475	0	0	0	3240	3891	12	11	-1	
3	1	1475	1	0	0	3240	3891	12	11	-1	
4	1	1475	1	1	0	3240	3891	12	11	-1	
5	1	1475	1	1	1	3240	3891	12	11	20.912117	RY
2	1	1476	0	0	0	3511	3884	36	17	-1	
3	1	1476	1	0	0	3511	3884	36	17	-1	
4	1	1476	1	1	0	3511	3884	36	17	-1	
5	1	1476	1	1	1	3511	3884	2	12	41.798920	K
5	1	1476	1	1	2	3538	3890	9	11	67.314636	+
2	1	1477	0	0	0	3517	3906	30	8	-1	
3	1	1477	1	0	0	3517	3906	30	8	-1	
4	1	1477	1	1	0	3517	3906	30	8	-1	
5	1	1477	1	1	1	3517	3906	30	8	34.638008	ag
2	1	1478	0	0	0	3758	3879	45	32	-1	
3	1	1478	1	0	0	3758	3879	45	32	-1	
4	1	1478	1	1	0	3758	3879	45	32	-1	
5	1	1478	1	1	1	3758	3879	45	32	26.026993	Oo.
2	1	1479	0	0	0	5419	3883	85	23	-1	
3	1	1479	1	0	0	5419	3883	85	23	-1	
4	1	1479	1	1	0	5419	3883	85	23	-1	
5	1	1479	1	1	1	5419	3883	85	23	92.227737	Dumyat
2	1	1480	0	0	0	593	3848	127	86	-1	
3	1	1480	1	0	0	593	3848	127	86	-1	
4	1	1480	1	1	0	593	3848	127	86	-1	
5	1	1480	1	1	1	593	3848	127	86	26.587151	ia.
2	1	1481	0	0	0	737	3914	142	20	-1	
3	1	1481	1	0	0	737	3914	142	20	-1	
4	1	1481	1	1	0	737	3914	142	20	-1	
5	1	1481	1	1	1	737	3920	42	14	67.976982	tern
5	1	1481	1	1	2	785	3914	94	20	96.885590	Australia
2	1	1482	0	0	0	1691	3858	51	63	-1	
3	1	1482	1	0	0	1691	3858	51	63	-1	
4	1	1482	1	1	0	1691	3858	51	63	-1	
5	1	1482	1	1	1	1691	3858	51	63	88.078529	6
2	1	1483	0	0	0	2130	3914	10	19	-1	
3	1	1483	1	0	0	2130	3914	10	19	-1	
4	1	1483	1	1	0	2130	3914	10	19	-1	
5	1	1483	1	1	1	2130	3914	10	19	79.964684	A
2	1	1484	0	0	0	2141	3916	23	25	-1	
3	1	1484	1	0	0	2141	3916	23	25	-1	
4	1	1484	1	1	0	2141	3916	23	25	-1	
5	1	1484	1	1	1	2141	3916	23	25	57.960403	Mc
2	1	1485	0	0	0	2164	3897	43	25	-1	
3	1	1485	1	0	0	2164	3897	43	25	-1	
4	1	1485	1	1	0	2164	3897	43	25	-1	
5	1	1485	1	1	1	2164	3897	43	25	54.638233	DUT;
2	1	1486	0	0	0	3503	3917	56	22	-1	
3	1	1486	1	0	0	3503	3917	56	22	-1	
4	1	1486	1	1	0	3503	3917	56	22	-1	
5	1	1486	1	1	1	3503	3917	56	22	28.171951	Basis
2	1	1487	0	0	0	5519	3910	18	16	-1	
3	1	1487	1	0	0	5519	3910	18	16	-1	
4	1	1487	1	1	0	5519	3910	18	16	-1	
5	1	1487	1	1	1	5519	3910	18	16	34.048470	R
2	1	1488	0	0	0	5599	3909	75	19	-1	
3	1	1488	1	0	0	5599	3909	75	19	-1	
4	1	1488	1	1	0	5599	3909	75	19	-1	
5	1	1488	1	1	1	5599	3909	75	19	90.121826	Gazzah
2	1	1489	0	0	0	5840	3914	36	16	-1	
3	1	1489	1	0	0	5840	3914	36	16	-1	
4	1	1489	1	1	0	5840	3914	36	16	-1	
5	1	1489	1	1	1	5840	3914	36	16	0.000000	ES]
2	1	1490	0	0	0	130	3944	33	6	-1	
3	1	1490	1	0	0	130	3944	33	6	-1	
4	1	1490	1	1	0	130	3944	33	6	-1	
5	1	1490	1	1	1	130	3944	4	6	59.509129	\
5	1	1490	1	1	2	152	3946	11	4	8.832855	SS
2	1	1491	0	0	0	1829	3930	19	19	-1	
3	1	1491	1	0	0	1829	3930	19	19	-1	
4	1	1491	1	1	0	1829	3930	19	19	-1	
5	1	1491	1	1	1	1829	3930	19	19	40.551826	Va
2	1	1492	0	0	0	1966	3932	21	22	-1	
3	1	1492	1	0	0	1966	3932	21	22	-1	
4	1	1492	1	1	0	1966	3932	21	22	-1	
5	1	1492	1	1	1	1966	3932	21	22	0.000000	@
2	1	1493	0	0	0	2210	3933	40	20	-1	
3	1	1493	1	0	0	2210	3933	40	20	-1	
4	1	1493	1	1	0	2210	3933	40	20	-1	
5	1	1493	1	1	1	2210	3933	40	20	0.000000	Xero}
2	1	1494	0	0	0	5333	3903	64	64	-1	
3	1	1494	1	0	0	5333	3903	64	64	-1	
4	1	1494	1	1	0	5333	3903	64	64	-1	
5	1	1494	1	1	1	5333	3903	64	64	71.347511	(@
2	1	1495	0	0	0	5710	3936	88	23	-1	
3	1	1495	1	0	0	5710	3936	88	23	-1	
4	1	1495	1	1	0	5710	3936	88	23	-1	
5	1	1495	1	1	1	5710	3936	88	23	96.403046	Al-Quds
2	1	1496	0	0	0	484	3946	63	31	-1	
3	1	1496	1	0	0	484	3946	63	31	-1	
4	1	1496	1	1	0	484	3946	63	31	-1	
5	1	1496	1	1	1	484	3946	63	31	86.714790	_GRE
2	1	1497	0	0	0	603	3948	74	27	-1	
3	1	1497	1	0	0	603	3948	74	27	-1	
4	1	1497	1	1	0	603	3948	74	27	-1	
5	1	1497	1	1	1	603	3948	74	27	91.545876	\USTR
2	1	1498	0	0	0	749	3951	33	21	-1	
3	1	1498	1	0	0	749	3951	33	21	-1	
4	1	1498	1	1	0	749	3951	33	21	-1	
5	1	1498	1	1	1	749	3958	13	14	86.041092	N
5	1	1498	1	1	2	773	3951	9	20	38.852577	1
2	1	1499	0	0	0	948	3957	196	20	-1	
3	1	1499	1	0	0	948	3957	196	20	-1	
4	1	1499	1	1	0	948	3957	196	20	-1	
5	1	1499	1	1	1	948	3958	96	19	96.472008	Southern
5	1	1499	1	1	2	1050	3957	94	20	96.472008	Australia
2	1	1500	0	0	0	3311	3945	73	24	-1	
3	1	1500	1	0	0	3311	3945	73	24	-1	
4	1	1500	1	1	0	3311	3945	73	24	-1	
5	1	1500	1	1	1	3311	3945	73	24	81.685692	Qafsah
2	1	1501	0	0	0	3767	3971	56	18	-1	
3	1	1501	1	0	0	3767	3971	56	18	-1	
4	1	1501	1	1	0	3767	3971	56	18	-1	
5	1	1501	1	1	1	3767	3971	56	18	92.012871	Tripo
2	1	1502	0	0	0	5720	3962	69	15	-1	
3	1	1502	1	0	0	5720	3962	69	15	-1	
4	1	1502	1	1	0	5720	3962	69	15	-1	
5	1	1502	1	1	1	5720	3962	69	15	57.230949	(Jerusalem)
2	1	1503	0	0	0	1960	3974	47	22	-1	
3	1	1503	1	0	0	1960	3974	47	22	-1	
4	1	1503	1	1	0	1960	3974	47	22	-1	
5	1	1503	1	1	1	1960	3974	47	22	7.549515	Isis
2	1	1504	0	0	0	2050	3987	73	19	-1	
3	1	1504	1	0	0	2050	3987	73	19	-1	
4	1	1504	1	1	0	2050	3987	73	19	-1	
5	1	1504	1	1	1	2050	3987	73	19	83.926788	Tafilalt
2	1	1505	0	0	0	2592	3942	62	56	-1	
3	1	1505	1	0	0	2592	3942	62	56	-1	
4	1	1505	1	1	0	2592	3942	62	56	-1	
5	1	1505	1	1	1	2592	3942	62	56	40.217041	oe
2	1	1506	0	0	0	4381	3981	28	29	-1	
3	1	1506	1	0	0	4381	3981	28	29	-1	
4	1	1506	1	1	0	4381	3981	28	29	-1	
5	1	1506	1	1	1	4381	3981	28	29	73.186142	\
2	1	1507	0	0	0	1262	4007	41	18	-1	
3	1	1507	1	0	0	1262	4007	41	18	-1	
4	1	1507	1	1	0	1262	4007	41	18	-1	
5	1	1507	1	1	1	1262	4007	41	18	84.020699	Can:
2	1	1508	0	0	0	1860	4009	35	19	-1	
3	1	1508	1	0	0	1860	4009	35	19	-1	
4	1	1508	1	1	0	1860	4009	35	19	-1	
5	1	1508	1	1	1	1860	4009	35	19	96.401100	Sus
2	1	1509	0	0	0	2283	4012	111	16	-1	
3	1	1509	1	0	0	2283	4012	111	16	-1	
4	1	1509	1	1	0	2283	4012	111	16	-1	
5	1	1509	1	1	1	2283	4012	21	16	96.708473	To
5	1	1509	1	1	2	2310	4012	84	16	96.253578	Timbuktu
2	1	1510	0	0	0	2773	4012	105	16	-1	
3	1	1510	1	0	0	2773	4012	105	16	-1	
4	1	1510	1	1	0	2773	4012	105	16	-1	
5	1	1510	1	1	1	2773	4013	16	15	96.495461	To
5	1	1510	1	1	2	2794	4012	84	16	92.561523	Timbuktu
2	1	1511	0	0	0	2970	4011	23	9	-1	
3	1	1511	1	0	0	2970	4011	23	9	-1	
4	1	1511	1	1	0	2970	4011	23	9	-1	
5	1	1511	1	1	1	2970	4011	23	9	18.987167	es
2	1	1512	0	0	0	4004	3996	53	25	-1	
3	1	1512	1	0	0	4004	3996	53	25	-1	
4	1	1512	1	1	0	4004	3996	53	25	-1	
5	1	1512	1	1	1	4004	3996	53	25	0.000000	LITA
2	1	1513	0	0	0	4060	3993	43	24	-1	
3	1	1513	1	0	0	4060	3993	43	24	-1	
4	1	1513	1	1	0	4060	3993	43	24	-1	
5	1	1513	1	1	1	4060	3993	43	24	0.000000	NIA
2	1	1514	0	0	0	4363	4020	27	14	-1	
3	1	1514	1	0	0	4363	4020	27	14	-1	
4	1	1514	1	1	0	4363	4020	27	14	-1	
5	1	1514	1	1	1	4363	4020	27	14	34.306099	pa
2	1	1515	0	0	0	5026	3997	144	36	-1	
3	1	1515	1	0	0	5026	3997	144	36	-1	
4	1	1515	1	1	0	5026	3997	144	36	-1	
5	1	1515	1	1	1	5026	4012	21	16	17.017754	To
5	1	1515	1	1	2	5055	4013	50	20	5.533813	Uncer
5	1	1515	1	1	3	5112	3997	58	36	29.836288	Ev
2	1	1516	0	0	0	5346	3998	66	19	-1	
3	1	1516	1	0	0	5346	3998	66	19	-1	
4	1	1516	1	1	0	5346	3998	66	19	-1	
5	1	1516	1	1	1	5346	3998	66	19	87.180962	ahirah
2	1	1517	0	0	0	5372	4006	16	11	-1	
3	1	1517	1	0	0	5372	4006	16	11	-1	
4	1	1517	1	1	0	5372	4006	16	11	-1	
5	1	1517	1	1	1	5372	4006	16	11	66.033707	ir
2	1	1518	0	0	0	6278	4013	72	18	-1	
3	1	1518	1	0	0	6278	4013	72	18	-1	
4	1	1518	1	1	0	6278	4013	72	18	-1	
5	1	1518	1	1	1	6274	4005	44	31	0.000000	Euzopa
5	1	1518	1	1	2	6325	4005	30	31	52.479454	Unite
2	1	1519	0	0	0	6392	4015	24	12	-1	
3	1	1519	1	0	0	6392	4015	24	12	-1	
4	1	1519	1	1	0	6392	4015	24	12	-1	
5	1	1519	1	1	1	6392	4015	24	12	61.164433	‘The!
2	1	1520	0	0	0	6441	4015	16	11	-1	
3	1	1520	1	0	0	6441	4015	16	11	-1	
4	1	1520	1	1	0	6441	4015	16	11	-1	
5	1	1520	1	1	1	6441	4015	16	11	32.562645	1
2	1	1521	0	0	0	6489	4016	31	13	-1	
3	1	1521	1	0	0	6489	4016	31	13	-1	
4	1	1521	1	1	0	6489	4016	31	13	-1	
5	1	1521	1	1	1	6489	4016	31	13	48.348194	er
2	1	1522	0	0	0	6555	4015	114	14	-1	
3	1	1522	1	0	0	6555	4015	114	14	-1	
4	1	1522	1	1	0	6555	4015	114	14	-1	
5	1	1522	1	1	1	6555	4015	47	12	50.958782	Paradox
5	1	1522	1	1	2	6618	4016	51	13	15.395386	Interactive
2	1	1523	0	0	0	1589	4007	59	30	-1	
3	1	1523	1	0	0	1589	4007	59	30	-1	
4	1	1523	1	1	0	1589	4007	59	30	-1	
5	1	1523	1	1	1	1589	4007	59	30	17.210426	aS
2	1	1524	0	0	0	5985	4002	84	34	-1	
3	1	1524	1	0	0	5985	4002	84	34	-1	
4	1	1524	1	1	0	5985	4002	84	34	-1	
5	1	1524	1	1	1	5985	4017	21	16	94.426369	To
5	1	1524	1	1	2	6012	4002	48	31	65.212898	Hejaz
5	1	1524	1	1	3	6066	4035	3	1	5.246666	d
